-- phpMyAdmin SQL Dump
-- version 4.5.4.1deb2ubuntu2
-- http://www.phpmyadmin.net
--
-- Client :  localhost
-- Généré le :  Ven 08 Juin 2018 à 14:37
-- Version du serveur :  10.0.33-MariaDB-0ubuntu0.16.04.1
-- Version de PHP :  7.0.22-0ubuntu0.16.04.1

SET SQL_MODE = "NO_AUTO_VALUE_ON_ZERO";
SET time_zone = "+00:00";


/*!40101 SET @OLD_CHARACTER_SET_CLIENT=@@CHARACTER_SET_CLIENT */;
/*!40101 SET @OLD_CHARACTER_SET_RESULTS=@@CHARACTER_SET_RESULTS */;
/*!40101 SET @OLD_COLLATION_CONNECTION=@@COLLATION_CONNECTION */;
/*!40101 SET NAMES utf8mb4 */;

--
-- Base de données :  `TPI`
--
CREATE DATABASE IF NOT EXISTS `TPI` DEFAULT CHARACTER SET utf8 COLLATE utf8_general_ci;
USE `TPI`;

-- --------------------------------------------------------

--
-- Structure de la table `abonnement`
--

CREATE TABLE `abonnement` (
  `id` int(11) NOT NULL,
  `idTutoriel` int(11) NOT NULL,
  `idUtilisateur` int(11) NOT NULL
) ENGINE=InnoDB DEFAULT CHARSET=utf8;

--
-- Contenu de la table `abonnement`
--

INSERT INTO `abonnement` (`id`, `idTutoriel`, `idUtilisateur`) VALUES
(1, 1, 1),
(5, 3, 2),
(6, 3, 1),
(8, 1, 4),
(9, 3, 4),
(10, 5, 4);

-- --------------------------------------------------------

--
-- Structure de la table `categorie`
--

CREATE TABLE `categorie` (
  `id` int(11) NOT NULL,
  `nom` varchar(100) NOT NULL,
  `description` varchar(500) NOT NULL,
  `lienImage` varchar(100) NOT NULL
) ENGINE=InnoDB DEFAULT CHARSET=utf8;

--
-- Contenu de la table `categorie`
--

INSERT INTO `categorie` (`id`, `nom`, `description`, `lienImage`) VALUES
(1, 'PHP', 'Cette catégorie va traiter du vaste sujet qu&#39;est le PHP, langage de programmation principalement utilisé pour des pages web dynamiques', 'img/categories/logo-php.png'),
(2, 'C#', 'Cette catégorie aborde le sujet de la programmation C#, langage orienté objet et fait par Microsoft', 'img/categories/logo-csharp.png'),
(3, 'MySQL', 'Cette catégorie parle du système de gestion de base de données (SGBD) MySQL, édité par Oracle', 'img/categories/logo-mysql.png');

-- --------------------------------------------------------

--
-- Structure de la table `tutoriel`
--

CREATE TABLE `tutoriel` (
  `id` int(11) NOT NULL,
  `titre` varchar(100) NOT NULL,
  `contenu` blob NOT NULL,
  `idCategorie` int(11) NOT NULL
) ENGINE=InnoDB DEFAULT CHARSET=utf8;

--
-- Contenu de la table `tutoriel`
--

INSERT INTO `tutoriel` (`id`, `titre`, `contenu`, `idCategorie`) VALUES
(1, 'Tuto C# 1', 0x266c743b6831207374796c653d2671756f743b746578742d616c69676e3a2063656e7465723b2671756f743b2667743b4249454e56454e55452044414e53204c45205052454d494552205455544f5249454c204323202121266c743b2f68312667743b266c743b702667743b4365636920657374206175737369206d6f6e20266c743b656d2667743b7072656d696572207475746f2c20266c743b2f656d2667743b6a26233033393b657370266567726176653b726520646f6e6320717526233033393b696c20766f757320266c743b7374726f6e672667743b706c616972612021266c743b2f7374726f6e672667743b266c743b2f702667743b266c743b702667743b266c743b696d67207372633d2671756f743b68747470733a2f2f63616d6f2e67697468756275736572636f6e74656e742e636f6d2f303631376634363537666566313265386431366462343562386437336465663733313434623039662f36383734373437303733336132663266363436353736363536633666373036353732326536363635363436663732363137303732366636613635363337343265366637323637326637333734363137343639363332663663366636373666326636333733363836313732373032653730366536372671756f743b207374796c653d2671756f743b7472616e736974696f6e3a206e6f6e6520307320656173652030733b2671756f743b20636c6173733d2671756f743b2671756f743b20616c743d2671756f743b4323206c6f676f2671756f743b2667743b266c743b2f702667743b266c743b702667743b566f696369206c65206c6f676f2064752043232021266c743b2f702667743b266c743b702667743b4326233033393b65737420746f757420706f75722061756a6f75726426233033393b6875692021266c743b62722667743b266c743b2f702667743b266c743b62722667743b, 2),
(2, 'Tuto C# 2', 0x266c743b702667743b4326233033393b657374206c65206c616e676167652064652070726f6772616d6d6174696f6e207068617265206465204d6963726f736f66742e205574696c6973266561637574653b2070617220756e200d0a6e6f6d62726520696d706f7274616e74266e6273703b6574206772616e64697373616e742064652070726f66657373696f6e6e656c732c20696c207065726d65742064652072266561637574653b616c697365720d0a20746f7574657320736f72746573206426233033393b6170706c69636174696f6e732e204365266e6273703b636f757273206120706f75722062757420646520766f75732061707072656e647265206c65730d0a20727564696d656e7473206465206365206d61676e696669717565206c616e6761676520657420657374206f757665727420266167726176653b20746f7573206c6573200d0a64266561637574653b627574616e74732c266e6273703b717526233033393b696c73206169656e7420656e74656e6475207061726c65722064752073756a6574206f75206e6f6e2021266c743b2f702667743b266c743b696d67207372633d2671756f743b68747470733a2f2f73647a2d75706c6f61642e73332e616d617a6f6e6177732e636f6d2f70726f642f75706c6f61642f333631312e706e672671756f743b207374796c653d2671756f743b2671756f743b20636c6173733d2671756f743b2671756f743b20616c743d2671756f743b2671756f743b2667743b, 2),
(3, 'PHP #1', 0x266c743b702069643d2671756f743b722d333830333634372671756f743b20646174612d636c616972652d656c656d656e742d69643d2671756f743b373839313330322671756f743b20636c6173733d2671756f743b2671756f743b2667743b426c6f67732c200d0a72266561637574653b736561757820736f63696175782c207369746520652d636f6d6d657263652c204150492668656c6c69703b20566f7573206c26233033393b617572657a20636f6d70726973206176656320504850206c65730d0a2064266561637574653b76656c6f70706575727320736f6e7420656e206d65737572652064652064266561637574653b76656c6f7070657220746f7574657320736f7274652064652073697465207765622c200d0a6426233033393b61696c6c65757273206e6f7573207061726c65726f6e73206426233033393b6170706c69636174696f6e207765622064616e73206c61206d6573757265206f267567726176653b20696c73200d0a6578706f73656e7420736f7576656e74206465732063656e7461696e657320646520666f6e6374696f6e6e616c6974266561637574653b732e266c743b2f702667743b266c743b702069643d2671756f743b722d333930393731322671756f743b20646174612d636c616972652d656c656d656e742d69643d2671756f743b383436313434322671756f743b20636c6173733d2671756f743b686f7665726564436f75727365456c656d656e742671756f743b2667743b4c650d0a206c616e67616765205048502061206a757374656d656e7420266561637574653b74266561637574653b20636f6e2663636564696c3b7520706f7572206372266561637574653b657220646573207369746573202671756f743b766976616e74732671756f743b20286f6e200d0a7061726c652064652073697465732064796e616d6971756573292e20457420736920766f757320766f756c657a2061707072656e64726520266167726176653b206372266561637574653b657220766f7573200d0a617573736920646573207369746573207765622064796e616d69717565732c206326233033393b65737420766f747265206a6f7572206465206368616e6365203a20766f7573202665636972633b746573200d0a73757220756e20636f75727320706f75722076726169732064266561637574653b627574616e747320656e205048502021266c743b62722667743b4c26233033393b657373656e7469656c2c206326233033393b657374206465206c6972650d0a20656e20656e74696572206c6573206368617069747265732064616e73206c26233033393b6f726472652e20417072266567726176653b732c202663636564696c3b6120706173736520746f7574207365756c20657420766f75730d0a20766f757320266561637574653b746f6e6e6572657a206269656e74266f636972633b742064652063652071756520766f7573202665636972633b7465732063617061626c65206465206661697265202120266c743b62722667743b266c743b2f702667743b, 1),
(5, 'Introduction au C#', 0x266c743b702069643d2671756f743b722d313533313738392671756f743b20646174612d636c616972652d656c656d656e742d69643d2671756f743b313535333236392671756f743b20636c6173733d2671756f743b2671756f743b2667743b44616e7320636520746f75740d0a207072656d6965722063686170697472652c206e6f757320616c6c6f6e732064266561637574653b636f757672697220636520717526233033393b657374206c652043232c20736f6e20686973746f697265200d0a657420736f6e20726170706f72742061766563206c65206672616d65776f726b202e4e45542e204426233033393b61696c6c657572732c20766f7573206e6520736176657a20706173206365200d0a717526233033393b65737420756e206672616d65776f726b203f204365206e26233033393b657374207061732067726176652c20746f757420636563692073657261206578706c697175266561637574653b202120266c743b62722667743b0d0a204e6f757320766572726f6e732064616e732063652063686170697472652063652071756520736f6e74206c6573206170706c69636174696f6e73200d0a696e666f726d6174697175657320657420636f6d6d656e7420646573206c616e67616765732064652070726f6772616d6d6174696f6e20266561637574653b766f6c75266561637574653b7320636f6d6d65206c65200d0a4323206e6f7573207065726d657474656e742064652072266561637574653b616c697365722064652074656c6c6573206170706c69636174696f6e732e266c743b2f702667743b266c743b702069643d2671756f743b722d313533313739302671756f743b20646174612d636c616972652d656c656d656e742d69643d2671756f743b313535333237302671756f743b20636c6173733d2671756f743b686f7665726564436f75727365456c656d656e742671756f743b2667743b4574206365206e26233033393b65737420717565206c652064266561637574653b6275742668656c6c69703b20616c6f7273206f757672657a206772616e647320766f7320796575782c20636861757373657a20766f73206c756e6574746573206574206578706c6f726f6e73206365206d6f6e6465206d65727665696c6c6575782021266c743b2f702667743b266c743b683120646174612d636c616972652d656c656d656e742d69643d2671756f743b313535333237302671756f743b20636c6173733d2671756f743b686f7665726564436f75727365456c656d656e742671756f743b2667743b4176616e742070726f706f73266c743b2f68312667743b266c743b62722667743b266c743b7020636c6173733d2671756f743b666f6c6461626c655f5f636f6e74656e742671756f743b2667743b266c743b68342069643d2671756f743b722d313533313739332671756f743b20646174612d636c616972652d656c656d656e742d69643d2671756f743b313535333237332671756f743b20636c6173733d2671756f743b2671756f743b2667743b4120717569207326727371756f3b61647265737365206365207475746f7269656c203f266c743b2f68342667743b266c743b702069643d2671756f743b722d313533313739312671756f743b20646174612d636c616972652d656c656d656e742d69643d2671756f743b313535333237312671756f743b20636c6173733d2671756f743b2671756f743b2667743b266c743b7374726f6e672667743b4175782064266561637574653b627574616e74732021266c743b2f7374726f6e672667743b0d0a20506173206265736f696e206426233033393b61766f697220666169742064752064266561637574653b76656c6f7070656d656e74206176616e7420706f757220737569767265206365207475746f7269656c20210d0a204a65207661697320646f6e63206661697265206465206d6f6e206d6965757820706f75722064266561637574653b7461696c6c6572206175206d6178696d756d206d6573200d0a6578706c69636174696f6e732c206326233033393b6573742070726f6d69732e20266c743b62722667743b204d6f6e20627574206573742072266561637574653b656c6c656d656e742064652072656e647265206365207475746f7269656c2061636365737369626c6520706f7572206c65732064266561637574653b627574616e74732e266c743b2f702667743b266c743b702069643d2671756f743b722d313533313739322671756f743b20646174612d636c616972652d656c656d656e742d69643d2671756f743b313535333237322671756f743b20636c6173733d2671756f743b2671756f743b2667743b4269656e0d0a20732675636972633b722c20696c207920656e206120706575742d2665636972633b747265207061726d6920766f757320717569206f6e742064266561637574653b6a266167726176653b206661697420647520432c20647520432b2b2c206475200d0a4a6176612e2e2e2045766964656d6d656e742c20736920766f7573206176657a2064266561637574653b6a266167726176653b20666169742064752064266561637574653b76656c6f7070656d656e74200d0a696e666f726d6174697175652c206365207365726120706c757320666163696c6520706f757220766f75732028737572746f757420706f7572206c61207072656d69266567726176653b7265200d0a70617274696520717569207072266561637574653b73656e7465206c6573206261736573206475206c616e67616765292e20417474656e74696f6e206e266561637574653b616e6d6f696e73206465206e65207061730d0a20766f756c6f697220616c6c65722074726f702076697465203a206c652043232072657373656d626c6520266167726176653b206426233033393b617574726573206c616e6761676573206d61697320696c20610d0a207175616e64206d2665636972633b6d6520736573207370266561637574653b63696669636974266561637574653b732021266c743b2f702667743b266c743b68342069643d2671756f743b722d313533313739362671756f743b20646174612d636c616972652d656c656d656e742d69643d2671756f743b313535333237362671756f743b20636c6173733d2671756f743b2671756f743b2667743b457370726974206475207475746f7269656c266c743b2f68342667743b266c743b702069643d2671756f743b722d313533313739342671756f743b20646174612d636c616972652d656c656d656e742d69643d2671756f743b313535333237342671756f743b20636c6173733d2671756f743b2671756f743b2667743b4e6f75730d0a20616c6c6f6e732064266561637574653b636f757672697220656e73656d626c65206465206e6f6d627265757365732063686f73657320656e2061707072656e616e7420266167726176653b200d0a64266561637574653b76656c6f7070657220656e2043232e20496c20792061757261206269656e20656e74656e64752064657320545020706f757220766f7573206661697265200d0a7072617469717565722c206166696e2071756520766f757320707569737369657a20766f75732072656e64726520636f6d7074652064652063652071756520766f7573202665636972633b7465730d0a2063617061626c657320646520666169726520617072266567726176653b732061766f6972206c7520706c757369657572732063686170697472657320706c7573207468266561637574653b6f7269717565732e266c743b2f702667743b266c743b702069643d2671756f743b722d313533313739352671756f743b20646174612d636c616972652d656c656d656e742d69643d2671756f743b313535333237352671756f743b20636c6173733d2671756f743b2671756f743b2667743b4e266561637574653b616e6d6f696e732c0d0a206a6520766575782071756520766f757320736f79657a206163746966732021204e6520766f757320636f6e74656e74657a20706173206465206c697265200d0a706173736976656d656e74206d6573206578706c69636174696f6e732c206d2665636972633b6d65206c6f7273717565206c65732063686170697472657320736f6e7420706c7574266f636972633b74200d0a7468266561637574653b6f72697175657320212054657374657a206c657320636f646573206574206c6573206d616e6970756c6174696f6e732061752066757220657420266167726176653b206d65737572652e200d0a4573736179657a206c65732070657469746573206964266561637574653b65732071756520766f7573206176657a20706f757220616d266561637574653b6c696f726572206f752061646170746572200d0a6c266561637574653b67266567726176653b72656d656e74206c6520636f64652e20536f7274657a20756e20706575206465732073656e746965727320626174747573206475207475746f7269656c203a2063656c610d0a20766f757320666572612070726174697175657220657420766f7573207065726d65747472612064652064266561637574653b636f7576726972207261706964656d656e7420736920766f7573200d0a6176657a20636f6d70726973206f75206e6f6e206c652063686170697472652e266c743b62722667743b20506173206426233033393b696e717569266561637574653b747564652c207369206a616d61697320766f7573200d0a626c6f7175657a207375722071756f692071756520636520736f697420717569206e26233033393b65737420706173206578706c697175266561637574653b2064616e7320636520636f7572732c206c61200d0a636f6d6d756e617574266561637574653b207175692073696c6c6f6e6e65206c657320666f72756d7320736175726120766f7573206170706f7274657220736f6e2061696465200d0a7072266561637574653b6369657573652e266c743b2f702667743b266c743b68342069643d2671756f743b722d313533313739392671756f743b20646174612d636c616972652d656c656d656e742d69643d2671756f743b313535333237392671756f743b2667743b447572266561637574653b65206426727371756f3b61707072656e74697373616765266c743b2f68342667743b266c743b702069643d2671756f743b722d313533313739372671756f743b20646174612d636c616972652d656c656d656e742d69643d2671756f743b313535333237372671756f743b2667743b496c0d0a206661757420636f6d7074657220706c757369657572732073656d61696e657320706f7572206c6972652c20636f6d7072656e64726520657420617373696d696c6572206365200d0a7475746f7269656c2e20556e6520666f697320617373696d696c266561637574653b657320746f75746573206c6573206e6f74696f6e73207072266561637574653b73656e74266561637574653b65732c20696c20766f7573200d0a66617564726120706c75736965757273206d6f697320706f75722061747465696e64726520756e206e697665617520736f6c69646520656e2043232e20417072266567726176653b7320746f75742c0d0a206326233033393b65737420656e20666f726765616e7420717526233033393b6f6e2064657669656e7420666f726765726f6e2e266c743b2f702667743b266c743b702069643d2671756f743b722d313533313739382671756f743b20646174612d636c616972652d656c656d656e742d69643d2671756f743b313535333237382671756f743b2667743b266c743b7374726f6e672667743b4426233033393b61696c6c657572730d0a206d65726369206465206d26233033393b696e666f726d65722064752074656d70732071756520766f757320612070726973206c61206c65637475726520646520636520636f757273200d0a706f757220717565206a652070756973736520696e6469717565722061757820617574726573206c6563746575727320756e6520647572266561637574653b65206d6f79656e6e65206465200d0a6c6563747572652e266c743b2f7374726f6e672667743b266c743b2f702667743b266c743b68342069643d2671756f743b722d313533313830322671756f743b20646174612d636c616972652d656c656d656e742d69643d2671756f743b313535333238322671756f743b2667743b4326233033393b65737420746f7574203f266c743b2f68342667743b266c743b702069643d2671756f743b722d313533313830302671756f743b20646174612d636c616972652d656c656d656e742d69643d2671756f743b313535333238302671756f743b2667743b4e6f6e0d0a20726173737572657a2d766f75732c206c65207475746f7269656c20657374206c6f696e206426233033393b2665636972633b7472652066696e692c20766f7573206e6520766f79657a20646f6e63207061730d0a20746f75746573206c657320706172746965732e20566f75732064266561637574653b636f7576726972657a2064616e73206365207475746f7269656c206c652064266561637574653b62757420646573200d0a727564696d656e74732064752064266561637574653b76656c6f7070656d656e7420656e2043232e20506574697420266167726176653b207065746974206a6520636f6d706c266561637574653b7465726169206c65200d0a7475746f7269656c20706f757220616a6f75746572206c612073756974652064657320727564696d656e7473206475206c616e676167652e20456e73756974652c206a65200d0a7072266561637574653b73656e7465726169206c612070726f6772616d6d6174696f6e206f7269656e74266561637574653b65206f626a657420657420636f6d6d656e7420656e2066616972652061766563206c65200d0a43232e20456e66696e2c20706f757220616c6c657220706c7573206c6f696e2c206e6f757320266561637574653b7475646965726f6e73206c26233033393b616363266567726176653b732061757820646f6e6e266561637574653b6573206574200d0a6426233033393b6175747265732073757270726973657320656e636f72652e266c743b2f702667743b266c743b702069643d2671756f743b722d313533313830312671756f743b20646174612d636c616972652d656c656d656e742d69643d2671756f743b313535333238312671756f743b2667743b4c650d0a2064266561637574653b62757420646520636520636f757273207365726120706c7574266f636972633b74207468266561637574653b6f72697175652e20506f7572207361766f697220636f6465722c20696c2066617574200d0a636f6d6d656e636572207061722061707072656e647265206c6573206261736573206475206c616e676167652c206326233033393b65737420756e2070617373616765206f626c6967266561637574653b2e20266c743b62722667743b0d0a20506574697420266167726176653b207065746974206a26233033393b696e74726f647569726169206c6120707261746971756520706f757220696c6c757374726572206365727461696e7320706f696e7473200d0a696d706f7274616e7473203b2063656c6120766f7573207065726d6574747261206465206d6965757820636f6d7072656e6472652064657320666f6e6374696f6e6e656d656e74730d0a20657420737572746f7574206465206269656e206d266561637574653b6d6f7269736572206c6520636f7572732e266c743b2f702667743b266c743b68342069643d2671756f743b722d313533313830362671756f743b20646174612d636c616972652d656c656d656e742d69643d2671756f743b313535333238362671756f743b2667743b416c6c657a20706c7573206c6f696e2021266c743b2f68342667743b266c743b702069643d2671756f743b722d313533313830332671756f743b20646174612d636c616972652d656c656d656e742d69643d2671756f743b313535333238332671756f743b2667743b4e26233033393b68266561637574653b736974657a0d0a2070617320266167726176653b207265676172646572206426233033393b617574726573207475746f7269656c7320706f7274616e7420737572206c652073756a65742e20496c2065737420746f756a6f7572730d0a20626f6e2064652064697665727369666965722073657320736f757263657320706f75722061766f69722064696666266561637574653b72656e74657320617070726f63686573206475200d0a73756a65742e266c743b2f702667743b266c743b702069643d2671756f743b722d313533313830342671756f743b20646174612d636c616972652d656c656d656e742d69643d2671756f743b313535333238342671756f743b2667743b4465206d616e69266567726176653b7265200d0a67266561637574653b6e266561637574653b72616c652c206a6520766f7573207265636f6d6d616e6465206465206e65207061732068266561637574653b736974657220266167726176653b20746573746572206c657320636f64657320717565206a650d0a207072266561637574653b73656e74657261692061752066757220657420266167726176653b206d65737572652e20537572746f75742c20736920766f7573206176657a20646573206964266561637574653b657320706f7572200d0a6c657320616d266561637574653b6c696f72657220756e207065752c206661697465732d6c652021204361206e65206d617263686572612070617320266167726176653b20746f7573206c657320636f7570732c200d0a6d6169732063656c6120766f757320666572612062656175636f757020706c75732070726f677265737365722071756520766f7573206e65206c652070656e73657a2021204e65200d0a636f6d7074657a20646f6e632070617320756e697175656d656e7420737572206c657320545020706f7572207072617469717565722c20636520736572616974200d0a646f6d6d6167652e266c743b2f702667743b266c743b702069643d2671756f743b722d313533313830352671756f743b20646174612d636c616972652d656c656d656e742d69643d2671756f743b313535333238352671756f743b20636c6173733d2671756f743b686f7665726564436f75727365456c656d656e742671756f743b2667743b53616368657a0d0a20617573736920717565206a652073756973206f757665727420266167726176653b20746f757465732072656d6172717565732c206372697469717565732c207175657374696f6e732c202e2e2e200d0a706f7274616e7420737572206365207475746f7269656c2e204e26233033393b68266561637574653b736974657a20646f6e632070617320266167726176653b20706f737465722064657320636f6d6d656e7461697265732c200d0a737572746f757420736920766f747265206d6573736167652070657574202665636972633b747265207574696c6520706f7572206426233033393b61757472657320706572736f6e6e65732e20506172200d0a636f6e7472652c20766575696c6c657a206e6520706173206d26233033393b656e766f796572206465204d502c207361756620656e2063617320646520666f726365206d616a657572652c200d0a706172636520717565206a65206e26233033393b617572616920706173206c652074656d707320646520766f75732072266561637574653b706f6e64726520696e646976696475656c6c656d656e742c206574200d0a717565207326233033393b696c207326233033393b61676974206426233033393b756e652064656d616e6465206426233033393b616964652c206c657320666f72756d7320736f6e74206c266167726176653b20706f7572202663636564696c3b61206574206f6e200d0a766f757320792072266561637574653b706f6e64726120706c7573207261706964656d656e7420717565206d6f692e266c743b2f702667743b266c743b683120646174612d636c616972652d656c656d656e742d69643d2671756f743b313535333238352671756f743b20636c6173733d2671756f743b686f7665726564436f75727365456c656d656e742671756f743b2667743b43232c206326233033393b6573742071756f69203f266c743b2f68312667743b266c743b62722667743b266c743b2f702667743b266c743b7020636c6173733d2671756f743b666f6c6461626c655f5f636f6e74656e742671756f743b2667743b266c743b702069643d2671756f743b722d313533313830372671756f743b20646174612d636c616972652d656c656d656e742d69643d2671756f743b313535333238382671756f743b20636c6173733d2671756f743b2671756f743b2667743b4c652043232065737420756e206c616e676167652064652070726f6772616d6d6174696f6e206372266561637574653b266561637574653b20706172204d6963726f736f667420656e20323030322e266c743b2f702667743b266c743b61736964652069643d2671756f743b722d313533313830392671756f743b20646174612d636c616972652d656c656d656e742d69643d2671756f743b313535333239302671756f743b20646174612d636c616972652d73656d616e7469633d2671756f743b696e666f726d6174696f6e2671756f743b20636c6173733d2671756f743b2671756f743b2667743b266c743b702069643d2671756f743b722d313533313830382671756f743b20646174612d636c616972652d656c656d656e742d69643d2671756f743b313535333238392671756f743b2667743b556e0d0a206c616e676167652064652070726f6772616d6d6174696f6e2065737420756e20656e73656d626c65206426727371756f3b696e737472756374696f6e732c206326233033393b6573742d266167726176653b2d64697265200d0a756e20656e73656d626c65206465206d6f747320717569207065726d657474656e7420646520636f6e7374727569726520646573206170706c69636174696f6e73200d0a696e666f726d617469717565732e266c743b2f702667743b266c743b2f61736964652667743b266c743b702069643d2671756f743b722d313533313831302671756f743b20646174612d636c616972652d656c656d656e742d69643d2671756f743b333637343138312671756f743b20636c6173733d2671756f743b2671756f743b2667743b4365730d0a206170706c69636174696f6e7320696e666f726d617469717565732070657576656e74202665636972633b7472652064652062656175636f757020646520736f727465732c20706172200d0a6578656d706c6520756e65206170706c69636174696f6e2057696e646f77732c20636f6d6d6520756e206c6f67696369656c206465207472616974656d656e74206465200d0a7465787465206f7520756e652063616c63756c617472696365206f7520656e636f726520756e206a6575206465206361727465732e204f6e206c657320617070656c6c65200d0a266561637574653b67616c656d656e742064657320636c69656e7473206c6f757264732e20496c2065737420266561637574653b67616c656d656e7420706f737369626c652064652064266561637574653b76656c6f70706572200d0a646573206170706c69636174696f6e73207765622c20636f6d6d6520756e2073697465206426727371756f3b652d636f6d6d657263652c20756e20696e7472616e65742c202668656c6c69703b204e6f7573200d0a706f7572726f6e7320616363266561637574653b64657220266167726176653b20636573206170706c69636174696f6e732067722661636972633b636520266167726176653b20756e206e61766967617465757220696e7465726e657420717565200d0a6c26727371756f3b6f6e20617070656c6c6520756e20636c69656e74206c266561637574653b6765722e20546f756a6f7572732067722661636972633b636520266167726176653b20756e206e61766967617465757220696e7465726e65742c200d0a6e6f757320706f7572726f6e732064266561637574653b76656c6f707065722064657320636c69656e7473207269636865732e20436520736f6e7420646573206170706c69636174696f6e73200d0a7175692073652072617070726f6368656e74206426727371756f3b756e65206170706c69636174696f6e2057696e646f7773206d6169732071756920666f6e6374696f6e6e656e742064616e73200d0a756e206e6176696761746575722e266c743b62722667743b204269656e206426727371756f3b617574726573207479706573206426233033393b6170706c69636174696f6e732070657576656e74202665636972633b747265200d0a266561637574653b6372697465732061766563206c652043232c206369746f6e7320656e636f7265206c652064266561637574653b76656c6f7070656d656e74206426727371756f3b6170706c69636174696f6e73200d0a6d6f62696c657320736f75732057696e646f77732070686f6e652c206426233033393b6170706c69636174696f6e7320706f7572207461626c65747465732c206465206a657578206f75200d0a656e636f7265206c652064266561637574653b76656c6f7070656d656e7420646520776562207365727669636573202668656c6c69703b266c743b2f702667743b266c743b702069643d2671756f743b722d313533313831312671756f743b20646174612d636c616972652d656c656d656e742d69643d2671756f743b313535333239322671756f743b20636c6173733d2671756f743b2671756f743b2667743b4e6f75730d0a20766572726f6e7320756e2070657520706c757320656e2064266561637574653b7461696c20656e2066696e206465207475746f7269656c20636f6d6d656e742072266561637574653b616c69736572206465200d0a74656c6c6573206170706c69636174696f6e732e2043686163756e2064652063657320646f6d61696e6573206e266561637574653b6365737369746520756e207475746f7269656c20656e746965720d0a20706f7572202665636972633b74726520636f6d706c266567726176653b74656d656e74207472616974266561637574653b2c206175737369206e6f7573206e6f757320696e69746965726f6e7320266167726176653b20636573200d0a646f6d61696e65732073616e7320616c6c65722074726f70206c6f696e206e6f6e20706c75732e266c743b2f702667743b266c743b702069643d2671756f743b722d313533313831322671756f743b20646174612d636c616972652d656c656d656e742d69643d2671756f743b313535333239332671756f743b20636c6173733d2671756f743b686f7665726564436f75727365456c656d656e742671756f743b2667743b4c650d0a2043232065737420756e206c616e6761676520646f6e74206c612073796e746178652072657373656d626c6520756e2070657520617520432b2b206f75206175204a617661200d0a71756920736f6e74206426727371756f3b617574726573206c616e67616765732064652070726f6772616d6d6174696f6e207472266567726176653b7320706f70756c61697265732e204c6520432320657374200d0a6c65206c616e67616765207068617265206465204d6963726f736f66742e20496c206661697420706172746965206426727371756f3b756e20656e73656d626c6520706c7573200d0a696d706f7274616e742e20496c2065737420656e206661697420756e652062726971756520646520636520717526727371756f3b6f6e20617070656c6c65206c6520266c6171756f3b20266c743b7374726f6e672667743b4672616d65776f726b202e4e4554266c743b2f7374726f6e672667743b2026726171756f3b2e20266c743b62722667743b0d0a20476172646f6e7320656e636f726520756e207065752064652073757370656e732073757220636520717526233033393b657374206c65206672616d65776f726b202e4e45542c206e6f7573200d0a64266561637574653b636f75767269726f6e7320636520717565206326233033393b65737420756e2070657520706c7573206c6f696e2064616e73206c65207475746f7269656c2e266c743b2f702667743b266c743b2f702667743b, 2);
INSERT INTO `tutoriel` (`id`, `titre`, `contenu`, `idCategorie`) VALUES
(6, 'Programmation orientée objet en C#', 0x266c743b702069643d2671756f743b722d323832373432312671756f743b20646174612d636c616972652d656c656d656e742d69643d2671756f743b333737383732312671756f743b20636c6173733d2671756f743b2671756f743b2667743b44616e73206365200d0a63686170697472652c206e6f757320616c6c6f6e7320657373617965722064652064266561637574653b637269726520636520717526233033393b657374206c612070726f6772616d6d6174696f6e200d0a6f7269656e74266561637574653b65206f626a65742028616272266561637574653b67266561637574653b6520736f7576656e7420656e20504f4f292e204a6520646973206269656e20266c6171756f3b20657373617965722026726171756f3b2c20636172200d0a706f7572202665636972633b74726520636f6d706c266567726176653b74656d656e74207472616974266561637574653b652c206c6120504f4f206e266561637574653b636573736974657261697420717526233033393b6f6e206c75692064266561637574653b64696520756e200d0a6f75767261676520656e746965722021266c743b2f702667743b266c743b702069643d2671756f743b722d323832373432322671756f743b20646174612d636c616972652d656c656d656e742d69643d2671756f743b333737383732322671756f743b20636c6173733d2671756f743b2671756f743b2667743b4e6f75730d0a20616c6c6f6e7320742661636972633b63686572206426233033393b616c6c657220266167726176653b206c26233033393b657373656e7469656c206574206465207265737465722070726f636865206465206c612070726174697175652e0d0a204365206e26233033393b65737420706173207472266567726176653b7320677261766520736920746f7573206c657320636f6e636570747320616273747261697473206e6520736f6e7420706173200d0a70617266616974656d656e742061707072266561637574653b68656e64266561637574653b73203a20696c2065737420696d706f737369626c65206426233033393b61707072656e647265206c6120504f4f20656e2064657578200d0a6865757265732e2043656c61206e266561637574653b6365737369746520756e65206c6f6e6775652070726174697175652c2062656175636f7570206426233033393b656d70697269736d6520657420646573200d0a617070726f666f6e64697373656d656e7473207468266561637574653b6f7269717565732e266c743b2f702667743b266c743b702069643d2671756f743b722d323832373432332671756f743b20646174612d636c616972652d656c656d656e742d69643d2671756f743b333737383732332671756f743b20636c6173733d2671756f743b2671756f743b2667743b4365207175692065737420696d706f7274616e74206963692c206326233033393b65737420646520636f6d7072656e647265206c6573206e6f74696f6e73206465206261736520657420646520706f75766f6972206c6573207574696c697365722064616e73206465207065746974732070726f6772616d6d65732e266c743b62722667743b20417072266567726176653b73206365747465206d69736520617520706f696e742c206174746171756f6e732073616e7320706c757320746172646572206c612070726f6772616d6d6174696f6e206f7269656e74266561637574653b65206f626a65742021266c743b2f702667743b266c743b7020636c6173733d2671756f743b666f6c6461626c652671756f743b2069643d2671756f743b75692d69642d312671756f743b20646174612d7769646765743d2671756f743b666f6c6461626c652671756f743b2667743b266c743b68332069643d2671756f743b722d323832373434352671756f743b20646174612d636c616972652d656c656d656e742d69643d2671756f743b333737383734352671756f743b20636c6173733d2671756f743b666f6c6461626c655f5f627574746f6e207365636f6e645469746c65206a732d666f6c6461626c652d627574746f6e2671756f743b2667743b517526233033393b6573742d636520717526233033393b756e206f626a6574203f266c743b2f68332667743b266c743b7020636c6173733d2671756f743b666f6c6461626c655f5f636f6e74656e742671756f743b2667743b266c743b702069643d2671756f743b722d323832373432342671756f743b20646174612d636c616972652d656c656d656e742d69643d2671756f743b333737383732342671756f743b20636c6173733d2671756f743b2671756f743b2667743b566f7573206176657a20707520766f6972207072266561637574653b63266561637574653b64656d6d656e7420717565206a26727371756f3b6169207574696c6973266561637574653b2064652074656d707320656e2074656d7073206c65206d6f7420266c6171756f3b206f626a65742026726171756f3b20657420717565206c65206d6f742d636c266561637574653b20266c6171756f3b20266c743b636f646520646174612d636c616972652d73656d616e7469633d2671756f743b6373686172702671756f743b2667743b6e6577266c743b2f636f64652667743b2026726171756f3b206573742061707061727520636f6d6d6520706172206d616769652668656c6c69703b20496c206120266561637574653b74266561637574653b20646966666963696c65206465206e65207061732074726f7020656e207061726c657220657420696c206573742074656d7073206426727371756f3b656e207361766f697220756e2070657520706c75732e266c743b2f702667743b266c743b702069643d2671756f743b722d323832373432352671756f743b20646174612d636c616972652d656c656d656e742d69643d2671756f743b333737383732352671756f743b20636c6173733d2671756f743b2671756f743b2667743b416c6f727320717526727371756f3b6573742d636520717526727371756f3b756e206f626a6574203f266c743b2f702667743b266c743b702069643d2671756f743b722d323832373432362671756f743b20646174612d636c616972652d656c656d656e742d69643d2671756f743b333737383732362671756f743b20636c6173733d2671756f743b2671756f743b2667743b53690d0a206f6e207072656e64206c65206d6f6e64652072266561637574653b656c202873692073692c20766f757320616c6c657a20766f69722c20766f757320636f6e6e61697373657a2668656c6c69703b292c206e6f75730d0a20736f6d6d657320656e746f7572266561637574653b73206426727371756f3b6f626a657473203a20756e65206368616973652c20756e65207461626c652c20756e6520766f69747572652c206574632e204365730d0a206f626a65747320666f726d656e7420756e20746f75742e266c743b2f702667743b266c743b756c2069643d2671756f743b722d323832373433332671756f743b20646174612d636c616972652d656c656d656e742d69643d2671756f743b333737383733332671756f743b2667743b266c743b6c692069643d2671756f743b722d323832373432382671756f743b20646174612d636c616972652d656c656d656e742d69643d2671756f743b333737383732382671756f743b2667743b266c743b702069643d2671756f743b722d323832373432372671756f743b20646174612d636c616972652d656c656d656e742d69643d2671756f743b333737383732372671756f743b2667743b496c7320706f7373266567726176653b64656e74206465732070726f707269266561637574653b74266561637574653b7320286c612063686169736520706f7373266567726176653b646520342070696564732c20656c6c652065737420646520636f756c65757220626c6575652c206574632e292e266c743b2f702667743b266c743b2f6c692667743b266c743b6c692069643d2671756f743b722d323832373433302671756f743b20646174612d636c616972652d656c656d656e742d69643d2671756f743b333737383733302671756f743b2667743b266c743b702069643d2671756f743b722d323832373432392671756f743b20646174612d636c616972652d656c656d656e742d69643d2671756f743b333737383732392671756f743b2667743b436573206f626a6574732070657576656e742066616972652064657320616374696f6e7320286c6120766f6974757265207065757420726f756c65722c206b6c61786f6e6e65722c206574632e292e266c743b2f702667743b266c743b2f6c692667743b266c743b6c692069643d2671756f743b722d323832373433322671756f743b20646174612d636c616972652d656c656d656e742d69643d2671756f743b333737383733322671756f743b2667743b266c743b702069643d2671756f743b722d323832373433312671756f743b20646174612d636c616972652d656c656d656e742d69643d2671756f743b333737383733312671756f743b2667743b496c730d0a2070657576656e7420266561637574653b67616c656d656e7420696e7465726167697220656e7472652065757820286c26727371756f3b6f626a657420636f6e647563746575722064266561637574653b6d61727265206c61200d0a766f69747572652c206c26727371756f3b6f626a657420766f6974757265206661697420746f75726e6572206c26727371756f3b6f626a657420766f6c616e742c206574632e292e266c743b2f702667743b266c743b2f6c692667743b266c743b2f756c2667743b266c743b702069643d2671756f743b722d323832373433342671756f743b20646174612d636c616972652d656c656d656e742d69643d2671756f743b333737383733342671756f743b2667743b496c2066617574206269656e20666169726520617474656e74696f6e20266167726176653b2064697374696e6775657220636520717526727371756f3b657374206c26727371756f3b6f626a657420657420636520717526233033393b657374206c612064266561637574653b66696e6974696f6e206426727371756f3b756e206f626a6574266c743b2f702667743b266c743b702069643d2671756f743b722d323832373433352671756f743b20646174612d636c616972652d656c656d656e742d69643d2671756f743b333737383733352671756f743b2667743b4c610d0a2064266561637574653b66696e6974696f6e206465206c26727371756f3b6f626a657420286f7520737472756374757265206465206c26727371756f3b6f626a657429207065726d6574206426727371756f3b696e646971756572206365200d0a71756920636f6d706f736520756e206f626a65742c206326233033393b6573742d266167726176653b2d64697265207175656c6c657320736f6e74207365732070726f707269266561637574653b74266561637574653b732c20736573200d0a616374696f6e73206574632e20436f6d6d6520706172206578656d706c65206c65206661697420717526727371756f3b756e65206368616973652061697420646573207069656473206f75200d0a717526727371756f3b6f6e20707569737365207326727371756f3b617373656f6972206465737375732e266c743b62722667743b2050617220636f6e7472652c206c26727371756f3b6f626a65742063686169736520657374206269656e200d0a636f6e637265742e204f6e207065757420646f6e632061766f697220706c75736965757273206f626a6574732063686169736573203a206f6e207061726c65200d0a266561637574653b67616c656d656e74206426727371756f3b696e7374616e6365732e204c6573206f626a65747320636861697365732c20636520736f6e74206269656e2063656c6c657320636f6e6372266567726176653b7465730d0a20717565206c26727371756f3b6f6e20766f697420646576616e74206e6f7573206175746f7572206465206c26727371756f3b6f626a6574207461626c6520706f75722064266561637574653b6d617272657220756e65200d0a7061727469652064652062656c6f74652e266c743b2f702667743b266c743b702069643d2671756f743b722d323832373433362671756f743b20646174612d636c616972652d656c656d656e742d69643d2671756f743b333737383733362671756f743b20636c6173733d2671756f743b2671756f743b2667743b4f6e0d0a2070657574206661697265206c26727371756f3b616e616c6f6769652061766563206e6f7472652064696374696f6e6e6169726520717569206e6f75732064266561637574653b6372697420636520717526727371756f3b6573740d0a20756e65206368616973652e204c652064696374696f6e6e616972652064266561637574653b6372697420656e2071756f6920636f6e7369737465206c26727371756f3b6f626a65742c206574200d0a6c26727371756f3b696e7374616e6365206465206c26727371756f3b6f626a65742072657072266561637574653b73656e7465206c6520636f6e63726574206173736f6369266561637574653b20266167726176653b2063657474652064266561637574653b66696e6974696f6e2e200d0a436861717565206f626a657420612073612070726f70726520766965206574206573742064696666266561637574653b72656e74206426727371756f3b756e2061757472652e204e6f757320706f75766f6e73200d0a61766f697220756e652063686169736520626c6575652c20756e6520617574726520726f7567652c20756e6520617574726520617665632064657320726f756c65747465732c200d0a756e652063617373266561637574653b65202668656c6c69703b266c743b2f702667743b266c743b702069643d2671756f743b722d323832373433372671756f743b20646174612d636c616972652d656c656d656e742d69643d2671756f743b333737383733372671756f743b20636c6173733d2671756f743b2671756f743b2667743b426f6e2c2066696e616c656d656e74206c61206e6f74696f6e206426727371756f3b6f626a65742065737420706c7574266f636972633b742073696d706c65207175616e64206f6e206c612072616d266567726176653b6e6520266167726176653b20636520717526727371756f3b6f6e20636f6e6e6169742064266561637574653b6a266167726176653b20266c743b696d6720616c743d2671756f743b3a442671756f743b20636c6173733d2671756f743b736d696c696573206a732d736d696c65792671756f743b207372633d2671756f743b68747470733a2f2f6f70656e636c617373726f6f6d732e636f6d2f62756e646c65732f636f6d6d6f6e2f696d616765732f736d696c65792f686575726575782e706e672671756f743b207374796c653d2671756f743b2671756f743b2667743b202e266c743b2f702667743b266c743b702069643d2671756f743b722d323832373433382671756f743b20646174612d636c616972652d656c656d656e742d69643d2671756f743b333737383733382671756f743b20636c6173733d2671756f743b2671756f743b2667743b53616368616e740d0a20717526727371756f3b756e206f626a657420656e2070726f6772616d6d6174696f6e206326727371756f3b65737420636f6d6d6520756e206f626a6574206475206d6f6e64652072266561637574653b656c206d6169732063650d0a206e26727371756f3b6573742070617320666f7263266561637574653b6d656e7420726573747265696e74206175206d6174266561637574653b7269656c2e20556e20636869656e2065737420756e206f626a65742e20446573200d0a636f6e636570747320636f6d6d65206c26727371756f3b616d6f7572206f7520756e65206964266561637574653b6520736f6e7420266561637574653b67616c656d656e7420646573206f626a6574732c2074616e646973200d0a717526727371756f3b6f6e206e6520646972616974207061732063656c612064616e73206c65206d6f6e64652072266561637574653b656c2e266c743b2f702667743b266c743b702069643d2671756f743b722d323832373433392671756f743b20646174612d636c616972652d656c656d656e742d69643d2671756f743b333737383733392671756f743b2667743b456e20636f6e636c7573696f6e203a266c743b2f702667743b266c743b756c2069643d2671756f743b722d323832373434342671756f743b20646174612d636c616972652d656c656d656e742d69643d2671756f743b333737383734342671756f743b2667743b266c743b6c692069643d2671756f743b722d323832373434312671756f743b20646174612d636c616972652d656c656d656e742d69643d2671756f743b333737383734312671756f743b2667743b266c743b702069643d2671756f743b722d323832373434302671756f743b20646174612d636c616972652d656c656d656e742d69643d2671756f743b333737383734302671756f743b2667743b4c610d0a2064266561637574653b66696e6974696f6e20286f752073747275637475726529206426727371756f3b756e206f626a65742065737420756e20636f6e636570742061627374726169742c20636f6d6d6520756e650d0a2064266561637574653b66696e6974696f6e2064616e73206c652064696374696f6e6e616972652e2043657474652064266561637574653b66696e6974696f6e2064266561637574653b63726974206c6573200d0a636172616374266561637574653b726973746971756573206426727371756f3b756e206f626a657420286c61206368616973652061206465732070696564732c206c26727371756f3b686f6d6d65206120646573200d0a6a616d6265732c206574632e292e2043657474652064266561637574653b66696e6974696f6e2065737420756e6971756520636f6d6d6520756e652064266561637574653b66696e6974696f6e2064616e73206c65200d0a64696374696f6e6e616972652e266c743b2f702667743b266c743b2f6c692667743b266c743b6c692069643d2671756f743b722d323832373434332671756f743b20646174612d636c616972652d656c656d656e742d69643d2671756f743b333737383734332671756f743b2667743b266c743b702069643d2671756f743b722d323832373434322671756f743b20646174612d636c616972652d656c656d656e742d69643d2671756f743b333737383734322671756f743b2667743b556e0d0a206f626a6574206f7520756e6520696e7374616e636520657374206c612072266561637574653b616c69736174696f6e20636f6e6372266567726176653b7465206465206c6120737472756374757265206465200d0a6c26727371756f3b6f626a65742e204f6e20706575742061766f6972206465206d756c7469706c657320696e7374616e6365732c20636f6d6d65206c65732031303020766f697475726573200d0a737572206c65207061726b696e6720646576616e74206368657a206d6f692e20456c6c65732070657576656e742061766f69722064657320636172616374266561637574653b7269737469717565730d0a2064696666266561637574653b72656e7465732028756e6520766f697475726520626c6575652c20756e6520766f697475726520266561637574653b6c65637472697175652c20756e6520766f697475726520266167726176653b20350d0a20706f727465732c206574632e29266c743b2f702667743b266c743b2f6c692667743b266c743b2f756c2667743b266c743b2f702667743b266c743b2f702667743b266c743b7020636c6173733d2671756f743b666f6c6461626c652671756f743b2069643d2671756f743b75692d69642d322671756f743b20646174612d7769646765743d2671756f743b666f6c6461626c652671756f743b2667743b266c743b68332069643d2671756f743b722d323832373435322671756f743b20646174612d636c616972652d656c656d656e742d69643d2671756f743b333737383735322671756f743b20636c6173733d2671756f743b666f6c6461626c655f5f627574746f6e207365636f6e645469746c65206a732d666f6c6461626c652d627574746f6e2671756f743b2667743b4c26727371756f3b656e63617073756c6174696f6e266c743b2f68332667743b266c743b7020636c6173733d2671756f743b666f6c6461626c655f5f636f6e74656e742671756f743b2667743b266c743b702069643d2671756f743b722d323832373434362671756f743b20646174612d636c616972652d656c656d656e742d69643d2671756f743b333737383734362671756f743b2667743b4c650d0a206661697420646520636f6e6365766f697220756e65206170706c69636174696f6e20636f6d6d6520756e2073797374266567726176653b6d65206426727371756f3b6f626a657473200d0a696e7465726167697373616e7420656e74726520657578206170706f72746520756e65206365727461696e6520736f75706c6573736520657420756e6520666f727465200d0a6162737472616374696f6e2e266c743b2f702667743b266c743b702069643d2671756f743b722d323832373434372671756f743b20646174612d636c616972652d656c656d656e742d69643d2671756f743b333737383734372671756f743b2667743b5072656e6f6e730d0a20756e206578656d706c6520746f75742073696d706c65203a206c61206d616368696e6520266167726176653b20636166266561637574653b206475206275726561752e204e6f757320696e73266561637574653b726f6e73206e6f730d0a207069266567726176653b6365732064616e73206c65206d6f6e6e61796575722c2063686f69736973736f6e73206c6120626f6973736f6e206574206e6f7573206e6f7573200d0a726574726f75766f6e73206176656320756e20676f62656c6574206465206c6120626f6973736f6e20636f6d6d616e64266561637574653b652e204e6f7573206e6f7573206d6f71756f6e73200d0a636f6d706c266567726176653b74656d656e74206465207361766f697220636f6d6d656e742063656c6120666f6e6374696f6e6e6520266167726176653b206c26727371756f3b696e74266561637574653b7269657572206574206e6f7573200d0a706f75766f6e7320636f6d706c266567726176653b74656d656e742069676e6f726572207369206c6520636166266561637574653b2065737420656e20706f756472652c20656e20677261696e2c20636f6d6d656e740d0a206c26727371756f3b6561752065737420616a6f7574266561637574653b652c20636861756666266561637574653b652c20636f6d6d656e74206c6520737563726520657374206469737472696275266561637574653b2c206574632e266c743b62722667743b200d0a546f757420636520717569206e6f757320696d706f727465206326727371756f3b65737420717565206c652066616974206465206d65747472652064657320736f75732064616e73206c61200d0a6d616368696e65206e6f7573207065726d6574206426727371756f3b6f6274656e697220756e20636166266561637574653b20717569207661206e6f7573207065726d6574747265206426727371756f3b6174746171756572200d0a6c61206a6f75726e266561637574653b652e266c743b2f702667743b266c743b702069643d2671756f743b722d323832373434382671756f743b20646174612d636c616972652d656c656d656e742d69643d2671756f743b333737383734382671756f743b2667743b566f696c266167726176653b200d0a756e2062656c206578656d706c652064652070726f6772616d6d6174696f6e206f7269656e74266561637574653b65206f626a65742e204e6f7573206d616e6970756c6f6e7320756e206f626a65740d0a204d616368696e654143616665207175692061206465732070726f707269266561637574653b74266561637574653b732028416c6c756d266561637574653b652f266561637574653b7465696e74652c207072266561637574653b73656e636520646520636166266561637574653b2c200d0a7072266561637574653b73656e636520646520676f62656c65742c202668656c6c69703b292065742071756920736169742066616972652064657320616374696f6e73202841636365707465724d6f6e6e6169652c200d0a446f6e6e6572436166652c202668656c6c69703b292e204574206326727371756f3b65737420746f757420636520717565206e6f75732061766f6e73206265736f696e206465207361766f69722e204f6e207365200d0a6d6f71756520647520666f6e6374696f6e6e656d656e7420696e7465726e652c2070657520696d706f72746520636520717526727371756f3b696c20736520706173736520266167726176653b200d0a6c26727371756f3b696e74266561637574653b72696575722c206e6f747265206f626a6574206e6f757320646f6e6e6520647520636166266561637574653b2c20706f696e742021266c743b2f702667743b266c743b702069643d2671756f743b722d323832373434392671756f743b20646174612d636c616972652d656c656d656e742d69643d2671756f743b333737383734392671756f743b2667743b4326727371756f3b65737420636520717526727371756f3b6f6e20617070656c6c65206c26727371756f3b266c743b7374726f6e672667743b656e63617073756c6174696f6e266c743b2f7374726f6e672667743b2e0d0a2043656c61207065726d65742064652070726f74266561637574653b676572206c26727371756f3b696e666f726d6174696f6e20636f6e74656e75652064616e73206e6f747265206f626a6574206574206465200d0a6c652072656e647265206d616e6970756c61626c6520756e697175656d656e74207061722073657320616374696f6e73206f752070726f707269266561637574653b74266561637574653b732e2041696e73692c200d0a6c26727371756f3b7574696c69736174657572206e6520706575742070617320616363266561637574653b64657220617520636166266561637574653b206e69206175207375637265206f7520656e636f7265206d6f696e7320266167726176653b200d0a6c61206d6f6e6e6169652e204e6f747265206f626a6574206573742061696e73692070726f74266561637574653b67266561637574653b20657420666f6e6374696f6e6e6520756e2070657520636f6d6d6520756e650d0a20626f697465206e6f6972652e204c26727371756f3b696e74266561637574653b722665636972633b742065737420717565207369206c6120706572736f6e6e652071756920656e7472657469656e74206c61206d616368696e650d0a206d657420647520636166266561637574653b20656e20677261696e20266167726176653b206c6120706c61636520647520636166266561637574653b20736f6c75626c652c206326727371756f3b65737420696e76697369626c6520706f7572200d0a6c26727371756f3b7574696c697361746575722071756920736520736f756369652073696d706c656d656e74206465206d657474726520736573207069266567726176653b6365732064616e73206c61200d0a6d616368696e652e266c743b2f702667743b266c743b61736964652069643d2671756f743b722d323832373435312671756f743b20646174612d636c616972652d656c656d656e742d69643d2671756f743b333737383735312671756f743b20646174612d636c616972652d73656d616e7469633d2671756f743b696e666f726d6174696f6e2671756f743b2667743b266c743b702069643d2671756f743b722d323832373435302671756f743b20646174612d636c616972652d656c656d656e742d69643d2671756f743b333737383735302671756f743b2667743b4c26727371756f3b656e63617073756c6174696f6e2070726f74266567726176653b676520646f6e63206c657320646f6e6e266561637574653b6573206465206c26727371756f3b6f626a657420657420736f6e20666f6e6374696f6e6e656d656e7420696e7465726e652e266c743b2f702667743b266c743b2f61736964652667743b266c743b2f702667743b266c743b2f702667743b266c743b7020636c6173733d2671756f743b666f6c6461626c652671756f743b2069643d2671756f743b75692d69642d332671756f743b20646174612d7769646765743d2671756f743b666f6c6461626c652671756f743b2667743b266c743b68332069643d2671756f743b722d323832373438392671756f743b20646174612d636c616972652d656c656d656e742d69643d2671756f743b333737383738392671756f743b20636c6173733d2671756f743b666f6c6461626c655f5f627574746f6e207365636f6e645469746c65206a732d666f6c6461626c652d627574746f6e2671756f743b2667743b48266561637574653b726974616765266c743b2f68332667743b266c743b7020636c6173733d2671756f743b666f6c6461626c655f5f636f6e74656e742671756f743b2667743b266c743b702069643d2671756f743b722d323832373435332671756f743b20646174612d636c616972652d656c656d656e742d69643d2671756f743b333737383735332671756f743b2667743b556e20617574726520266561637574653b6c266561637574653b6d656e7420696d706f7274616e742064616e73206c612070726f6772616d6d6174696f6e206f7269656e74266561637574653b65206f626a657420717565206e6f757320616c6c6f6e732061626f7264657220657374206c26727371756f3b68266561637574653b7269746167652e266c743b2f702667743b266c743b702069643d2671756f743b722d323832373435352671756f743b20646174612d636c616972652d656c656d656e742d69643d2671756f743b333737383735352671756f743b20646174612d636c616972652d73656d616e7469633d2671756f743b7175657374696f6e2671756f743b2667743b266c743b702069643d2671756f743b722d323832373435342671756f743b20646174612d636c616972652d656c656d656e742d69643d2671756f743b333737383735342671756f743b2667743b416820626f6e203f204c6573206f626a6574732061757373692070657576656e74206d6f75726972206574207472616e736d6574747265206c6575722070617472696d6f696e65203f266c743b2f702667743b266c743b2f702667743b266c743b702069643d2671756f743b722d323832373435362671756f743b20646174612d636c616972652d656c656d656e742d69643d2671756f743b333737383735362671756f743b2667743b4568206269656e206326727371756f3b657374207072657371756520636f6d6d6520656e2064726f69742c20266167726176653b207061727420717565206c26727371756f3b6f626a6574206e65206d657572742070617320657420717526727371756f3b696c206e26727371756f3b7920706173206465207461786520737572206c26727371756f3b68266561637574653b7269746167652e20266c743b62722667743b204326727371756f3b6573742d266167726176653b2d6469726520717526727371756f3b756e206f626a65742064697420266c6171756f3b2070266567726176653b72652026726171756f3b2070657574207472616e736d6574747265206365727461696e65732064652073657320636172616374266561637574653b72697374697175657320266167726176653b20756e206175747265206f626a65742064697420266c6171756f3b2066696c732026726171756f3b2e266c743b2f702667743b266c743b702069643d2671756f743b722d323832373435372671756f743b20646174612d636c616972652d656c656d656e742d69643d2671756f743b333737383735372671756f743b2667743b506f75720d0a2063656c612c206f6e20706f757272612064266561637574653b66696e697220756e652072656c6174696f6e206426727371756f3b68266561637574653b72697461676520656e747265206575782e205326727371756f3b696c2079206120756e650d0a2072656c6174696f6e206426727371756f3b68266561637574653b72697461676520656e74726520756e206f626a65742070266567726176653b726520657420756e206f626a65742066696c732c20616c6f727320266c743b7374726f6e672667743b6c26727371756f3b6f626a65742066696c732068266561637574653b72697465206465206c26727371756f3b6f626a65742070266567726176653b7265266c743b2f7374726f6e672667743b2e204f6e2064697420266561637574653b67616c656d656e7420717565206c26727371756f3b6f626a65742066696c732065737420756e6520266c743b7374726f6e672667743b7370266561637574653b6369616c69736174696f6e266c743b2f7374726f6e672667743b206465206c26727371756f3b6f626a65742070266567726176653b7265206f7520717526727371756f3b266c743b7374726f6e672667743b696c2064266561637574653b72697665206465206c26727371756f3b6f626a65742070266567726176653b7265266c743b2f7374726f6e672667743b2e266c743b2f702667743b266c743b702069643d2671756f743b722d323832373435382671756f743b20646174612d636c616972652d656c656d656e742d69643d2671756f743b333737383735382671756f743b2667743b456e206c616e6761676520706c757320636f7572616e74206f6e207065757420266561637574653b67616c656d656e74206469726520717565206c26727371756f3b6f626a65742066696c732065737420266c6171756f3b20756e6520736f7274652026726171756f3b206426727371756f3b6f626a65742070266567726176653b72652e266c743b2f702667743b266c743b702069643d2671756f743b722d323832373436302671756f743b20646174612d636c616972652d656c656d656e742d69643d2671756f743b333737383736302671756f743b20646174612d636c616972652d73656d616e7469633d2671756f743b7175657374696f6e2671756f743b2667743b266c743b702069643d2671756f743b722d323832373435392671756f743b20646174612d636c616972652d656c656d656e742d69643d2671756f743b333737383735392671756f743b2667743b446573206578656d706c6573202121266c743b2f702667743b266c743b2f702667743b266c743b702069643d2671756f743b722d323832373436312671756f743b20646174612d636c616972652d656c656d656e742d69643d2671756f743b333737383736312671756f743b2667743b4f6e0d0a2064697420736f7576656e7420717526727371756f3b756e207065746974206578656d706c652076617574206269656e20756e206c6f6e6720646973636f7572732c20616c6f7273200d0a7072656e6f6e7320706172206578656d706c65206c26727371756f3b6f626a657420266c6171756f3b20636869656e2026726171756f3b20657420696d6167696e6f6e732073657320636172616374266561637574653b726973746971756573200d0a746972266561637574653b6573206475206d6f6e64652072266561637574653b656c20656e207574696c6973616e74206c26727371756f3b68266561637574653b726974616765203a266c743b2f702667743b266c743b756c2069643d2671756f743b722d323832373436382671756f743b20646174612d636c616972652d656c656d656e742d69643d2671756f743b333737383736382671756f743b2667743b266c743b6c692069643d2671756f743b722d323832373436332671756f743b20646174612d636c616972652d656c656d656e742d69643d2671756f743b333737383736332671756f743b2667743b266c743b702069643d2671756f743b722d323832373436322671756f743b20646174612d636c616972652d656c656d656e742d69643d2671756f743b333737383736322671756f743b2667743b4c26727371756f3b6f626a657420266c6171756f3b20636869656e2026726171756f3b2065737420756e6520736f727465206426727371756f3b6f626a657420266c6171756f3b206d616d6d6966266567726176653b72652026726171756f3b266c743b2f702667743b266c743b2f6c692667743b266c743b6c692069643d2671756f743b722d323832373436352671756f743b20646174612d636c616972652d656c656d656e742d69643d2671756f743b333737383736352671756f743b2667743b266c743b702069643d2671756f743b722d323832373436342671756f743b20646174612d636c616972652d656c656d656e742d69643d2671756f743b333737383736342671756f743b2667743b4c26727371756f3b6f626a657420266c6171756f3b206d616d6d6966266567726176653b72652026726171756f3b2065737420756e6520736f727465206426727371756f3b6f626a657420266c6171756f3b20616e696d616c2026726171756f3b266c743b2f702667743b266c743b2f6c692667743b266c743b6c692069643d2671756f743b722d323832373436372671756f743b20646174612d636c616972652d656c656d656e742d69643d2671756f743b333737383736372671756f743b2667743b266c743b702069643d2671756f743b722d323832373436362671756f743b20646174612d636c616972652d656c656d656e742d69643d2671756f743b333737383736362671756f743b2667743b4c26727371756f3b6f626a657420266c6171756f3b20616e696d616c2026726171756f3b2065737420756e6520736f727465206426727371756f3b6f626a657420266c6171756f3b202665636972633b74726520766976616e742026726171756f3b266c743b2f702667743b266c743b2f6c692667743b266c743b2f756c2667743b266c743b702069643d2671756f743b722d323832373436392671756f743b20646174612d636c616972652d656c656d656e742d69643d2671756f743b333737383736392671756f743b2667743b4368617175650d0a2070266567726176653b72652065737420756e2070657520706c75732067266561637574653b6e266561637574653b72616c2071756520736f6e2066696c732e20457420696e76657273656d656e742c206368617175652066696c73200d0a65737420756e2070657520706c7573207370266561637574653b6369616c6973266561637574653b2071756520736f6e2070266567726176653b72652e2041766563206c26727371756f3b6578656d706c65206475206465737375732c20756e200d0a6d616d6d6966266567726176653b72652065737420756e2070657520706c75732067266561637574653b6e266561637574653b72616c20717526727371756f3b756e20636869656e2c206c26727371756f3b2665636972633b74726520766976616e7420266561637574653b74616e74200d0a656e636f726520706c75732067266561637574653b6e266561637574653b72616c20717526727371756f3b756e206d616d6d6966266567726176653b72652e266c743b2f702667743b266c743b702069643d2671756f743b722d323832373437302671756f743b20646174612d636c616972652d656c656d656e742d69643d2671756f743b333737383737302671756f743b2667743b496c0d0a2065737420706f737369626c6520706f757220756e2070266567726176653b7265206426727371756f3b61766f697220706c757369657572732066696c732c2070617220636f6e7472652c206c26727371756f3b696e76657273650d0a2065737420696d706f737369626c652c20756e2066696c73206e652070657574207061732061766f697220706c757369657572732070266567726176653b7265732e204574206f75692c200d0a6326727371756f3b65737420747269737465206d616973206326727371756f3b65737420636f6d6d65202663636564696c3b612c206326727371756f3b657374206c652072266567726176653b676e652064752070266567726176653b72652063266561637574653b6c6962617461697265200d0a6176656320706c7573696575727320656e66616e747320266167726176653b206368617267652021266c743b2f702667743b266c743b702069643d2671756f743b722d323832373437312671756f743b20646174612d636c616972652d656c656d656e742d69643d2671756f743b333737383737312671756f743b2667743b41696e73692c0d0a20756e206f626a657420266c6171756f3b20636861742026726171756f3b207065757420266561637574653b67616c656d656e74202665636972633b74726520756e2066696c73206465206c26727371756f3b6f626a657420266c6171756f3b206d616d6d6966266567726176653b72652026726171756f3b2e0d0a20556e206f626a657420266c6171756f3b2076266561637574653b67266561637574653b74616c2026726171756f3b207065757420266561637574653b67616c656d656e74202665636972633b7472652066696c73206465206c26727371756f3b6f626a657420266c6171756f3b202665636972633b74726520766976616e74200d0a26726171756f3b2e266c743b2f702667743b266c743b702069643d2671756f743b722d323832373437322671756f743b20646174612d636c616972652d656c656d656e742d69643d2671756f743b333737383737322671756f743b20636c6173733d2671756f743b2671756f743b2667743b4365200d0a717526727371756f3b6f6e207065757420726570726f647569726520737572206c6520736368266561637574653b6d612073756976616e742e204368617175652062756c6c652072657072266561637574653b73656e74616e74200d0a756e206f626a65742065742063686171756520666c266567726176653b6368652072657072266561637574653b73656e7465206c26727371756f3b68266561637574653b72697461676520656e747265206c6573206f626a6574732e266c743b2f702667743b266c743b6669677572652069643d2671756f743b722d323832373437352671756f743b20646174612d636c616972652d656c656d656e742d69643d2671756f743b333737383737352671756f743b20636c6173733d2671756f743b2671756f743b2667743b266c743b696d672069643d2671756f743b722d323832373437332671756f743b20646174612d636c616972652d656c656d656e742d69643d2671756f743b333737383737332671756f743b207372633d2671756f743b68747470733a2f2f757365722e6f632d7374617469632e636f6d2f66696c65732f3333393030315f3334303030302f3333393337362e706e672671756f743b20616c743d2671756f743b496d616765207574696c697361746575722671756f743b207374796c653d2671756f743b7472616e736974696f6e3a206e6f6e6520307320656173652030733b2671756f743b20636c6173733d2671756f743b2671756f743b2667743b266c743b2f6669677572652667743b266c743b702069643d2671756f743b722d323832373437362671756f743b20646174612d636c616972652d656c656d656e742d69643d2671756f743b333737383737362671756f743b20636c6173733d2671756f743b2671756f743b2667743b4f6e0d0a20706575742064266561637574653b66696e697220756e6520736f727465206465206869266561637574653b7261726368696520656e747265206c6573206f626a6574732c20756e2070657520636f6d6d65206f6e200d0a6c6520666572616974206176656320756e2061726272652067266561637574653b6e266561637574653b616c6f67697175652e204c612064696666266561637574653b72656e63652065737420717526727371756f3b756e206f626a6574200d0a68266561637574653b726974616e74206426727371756f3b756e2061757472652070657574206f6274656e6972206365727461696e73206f7520746f7573206c657320636f6d706f7274656d656e7473206465200d0a6c26727371756f3b6f626a657420717526727371756f3b696c207370266561637574653b6369616c6973652c20616c6f727320717526727371756f3b756e20706574697420656e66616e74206e26727371756f3b68266561637574653b7269746520706173200d0a666f7263266561637574653b6d656e7420646573207965757820626c657573206465207361206d266567726176653b7265206f752064752063266f636972633b74266561637574653b20626f75676f6e20646520736f6e206772616e642d70266567726176653b72652c0d0a206c6520686173617264206465206c61206e61747572652066616973616e74206c652072657374652e266c743b2f702667743b266c743b702069643d2671756f743b722d323832373437372671756f743b20646174612d636c616972652d656c656d656e742d69643d2671756f743b333737383737372671756f743b20636c6173733d2671756f743b2671756f743b2667743b506f7572206269656e20636f6d7072656e647265206365742068266561637574653b72697461676520646520636f6d706f7274656d656e742c20656d7072756e746f6e7320266167726176653b206e6f7576656175206c6573206578656d706c6573206475206d6f6e64652072266561637574653b656c2e266c743b2f702667743b266c743b756c2069643d2671756f743b722d323832373438362671756f743b20646174612d636c616972652d656c656d656e742d69643d2671756f743b333737383738362671756f743b2667743b266c743b6c692069643d2671756f743b722d323832373437392671756f743b20646174612d636c616972652d656c656d656e742d69643d2671756f743b333737383737392671756f743b2667743b266c743b702069643d2671756f743b722d323832373437382671756f743b20646174612d636c616972652d656c656d656e742d69643d2671756f743b333737383737382671756f743b2667743b4c26727371756f3b2665636972633b74726520766976616e74207065757420706172206578656d706c65206661697265206c26727371756f3b616374696f6e20266c6171756f3b2076697672652026726171756f3b2e266c743b2f702667743b266c743b2f6c692667743b266c743b6c692069643d2671756f743b722d323832373438312671756f743b20646174612d636c616972652d656c656d656e742d69643d2671756f743b333737383738312671756f743b2667743b266c743b702069643d2671756f743b722d323832373438302671756f743b20646174612d636c616972652d656c656d656e742d69643d2671756f743b333737383738302671756f743b2667743b4c65206d616d6d6966266567726176653b726520706f7373266567726176653b64652064657320796575782e266c743b2f702667743b266c743b2f6c692667743b266c743b6c692069643d2671756f743b722d323832373438332671756f743b20646174612d636c616972652d656c656d656e742d69643d2671756f743b333737383738332671756f743b2667743b266c743b702069643d2671756f743b722d323832373438322671756f743b20646174612d636c616972652d656c656d656e742d69643d2671756f743b333737383738322671756f743b2667743b4c6520636869656e2c207175692065737420756e6520736f727465206426727371756f3b2665636972633b74726520766976616e7420657420756e6520736f727465206465206d616d6d6966266567726176653b72652c207065757420266561637574653b67616c656d656e74206661697265206c26727371756f3b616374696f6e20266c6171756f3b2076697672652026726171756f3b20657420617572612064657320796575782e266c743b2f702667743b266c743b2f6c692667743b266c743b6c692069643d2671756f743b722d323832373438352671756f743b20646174612d636c616972652d656c656d656e742d69643d2671756f743b333737383738352671756f743b2667743b266c743b702069643d2671756f743b722d323832373438342671756f743b20646174612d636c616972652d656c656d656e742d69643d2671756f743b333737383738342671756f743b2667743b4c652063686174207175692065737420756e6520617574726520736f727465206426727371756f3b2665636972633b74726520766976616e742070657574206c7569206175737369206661697265206c26727371756f3b616374696f6e20266c6171756f3b2076697672652026726171756f3b206574206175726120266561637574653b67616c656d656e742064657320796575782e266c743b2f702667743b266c743b2f6c692667743b266c743b2f756c2667743b266c743b702069643d2671756f743b722d323832373438372671756f743b20646174612d636c616972652d656c656d656e742d69643d2671756f743b333737383738372671756f743b2667743b4f6e0d0a20766f6974206269656e2069636920717565206c652063686174206574206c6520636869656e2068266561637574653b726974656e742064657320636f6d706f7274656d656e7473206465200d0a6c6575727320706172656e7473206574206772616e64732d706172656e747320656e20266561637574653b74616e742063617061626c6573206465207669767265206574206426727371756f3b61766f6972200d0a64657320796575782e266c743b62722667743b2050617220636f6e7472652c206c26727371756f3b616374696f6e20266c6171756f3b2061626f7965722026726171756f3b20657374207370266561637574653b6369666971756520617520636869656e2e200d0a4365207175692076657574206469726520717565206e69206c6520636861742c206e69206c65206461757068696e206e65207365726f6e742063617061626c6573200d0a6426727371756f3b61626f7965722e20496c206e26727371756f3b792061207175652064616e73206c65732064657373696e7320616e696d266561637574653b7320646520546578204176657279207175652063656369206573740d0a20706f737369626c652021266c743b62722667743b20264561637574653b766964656d6d656e742c20696c206e26727371756f3b79206120706173206465206e6f74696f6e206426727371756f3b68266561637574653b72697461676520656e747265206c65200d0a636869656e206574206c652063686174206574206c26727371756f3b616374696f6e2061626f796572206573742064266561637574653b66696e6965206175206e6976656175206475200d0a636f6d706f7274656d656e7420647520636869656e2e204365636920696d706c6971756520266561637574653b67616c656d656e7420717565207365756c20756e206f626a657420717569206573740d0a20756e6520736f72746520646520636869656e2c20706172206578656d706c65206c26727371756f3b6f626a6574204c61627261646f72206f75206c26727371756f3b6f626a6574204368696875616875612c200d0a706f757272612068266561637574653b726974657220647520636f6d706f7274656d656e7420266c6171756f3b2061626f7965722026726171756f3b2c2063617220696c2079206120756e652072656c6174696f6e200d0a6426727371756f3b68266561637574653b72697461676520656e747265206575782e266c743b62722667743b2046696e616c656d656e742c206326233033393b65737420706c7574266f636972633b74206c6f67697175652e20266c743b696d6720616c743d2671756f743b3a442671756f743b20636c6173733d2671756f743b736d696c696573206a732d736d696c65792671756f743b207372633d2671756f743b68747470733a2f2f6f70656e636c617373726f6f6d732e636f6d2f62756e646c65732f636f6d6d6f6e2f696d616765732f736d696c65792f686575726575782e706e672671756f743b207374796c653d2671756f743b2671756f743b2667743b20266c743b62722667743b0d0a2052617070656c6f6e73206a75737465206176616e74206465207465726d696e6572206365207061726167726170686520717526727371756f3b756e206f626a6574206e652070657574207061730d0a2068266561637574653b726974657220646520706c75736965757273206f626a6574732e20496c206e6520706575742068266561637574653b726974657220717565206426727371756f3b756e207365756c206f626a65742e204c650d0a204323206e65207065726d65742070617320636520717526727371756f3b6f6e20617070656c6c6520266c743b7374726f6e672667743b6c26727371756f3b68266561637574653b726974616765206d756c7469706c65266c743b2f7374726f6e672667743b2c20266c743b656d2667743b6120636f6e74726172696f266c743b2f656d2667743b206426727371756f3b617574726573206c616e676167657320636f6d6d65206c6520432b2b20706172206578656d706c652e266c743b2f702667743b266c743b702069643d2671756f743b722d323832373438382671756f743b20646174612d636c616972652d656c656d656e742d69643d2671756f743b333737383738382671756f743b2667743b566f696c266167726176653b0d0a20676c6f62616c656d656e7420706f7572206c61206e6f74696f6e206426727371756f3b68266561637574653b7269746167652e204a652064697320676c6f62616c656d656e742063617220696c20792061200d0a6365727461696e65732073756274696c6974266561637574653b7320717565206a65206e26727371756f3b6169207061732061626f7264266561637574653b6573206d616973206365206e26727371756f3b657374207061732074726f70200d0a67726176652c20766f75732076657272657a2064616e73206c6573206368617069747265732073756976616e747320636f6d6d656e74206c65204323207574696c697365206c61200d0a6e6f74696f6e206426727371756f3b68266561637574653b72697461676520657420636520717526727371756f3b696c2079206120767261696d656e74206265736f696e206465207361766f69722e204e6520766f7573200d0a696e717569266561637574653b74657a20706173207369206365727461696e6573206e6f74696f6e7320736f6e7420656e636f726520756e2070657520666c6f7565732c20766f7573200d0a636f6d7072656e6472657a20737572656d656e74206d696575782067722661636972633b636520266167726176653b206c612070726174697175652e266c743b2f702667743b266c743b2f702667743b266c743b2f702667743b266c743b7020636c6173733d2671756f743b666f6c6461626c652671756f743b2069643d2671756f743b75692d69642d342671756f743b20646174612d7769646765743d2671756f743b666f6c6461626c652671756f743b2667743b266c743b68332069643d2671756f743b722d323832373439362671756f743b20646174612d636c616972652d656c656d656e742d69643d2671756f743b333737383739362671756f743b20636c6173733d2671756f743b666f6c6461626c655f5f627574746f6e207365636f6e645469746c65206a732d666f6c6461626c652d627574746f6e2671756f743b2667743b506f6c796d6f72706869736d65202d20537562737469747574696f6e266c743b2f68332667743b266c743b7020636c6173733d2671756f743b666f6c6461626c655f5f636f6e74656e742671756f743b2667743b266c743b68352069643d2671756f743b722d323832373439322671756f743b20646174612d636c616972652d656c656d656e742d69643d2671756f743b333737383739322671756f743b2667743b506f6c796d6f72706869736d65266c743b2f68352667743b266c743b702069643d2671756f743b722d323832373439302671756f743b20646174612d636c616972652d656c656d656e742d69643d2671756f743b333737383739302671756f743b2667743b4c65206d6f7420266c743b7374726f6e672667743b706f6c796d6f72706869736d65266c743b2f7374726f6e672667743b0d0a2073756767266567726176653b726520717526727371756f3b756e652063686f73652070657574207072656e64726520706c7573696575727320666f726d65732e20536f7573206365207465726d6520756e200d0a70657520626172626172652073652063616368656e7420706c75736965757273206e6f74696f6e73206465206c26727371756f3b6f7269656e74266561637574653b206f626a65742071756920736f6e74200d0a736f7576656e7420736f7572636573206426727371756f3b657272657572732e204a65207661697320766f6c6f6e74616972656d656e7420706173736572207261706964656d656e7420737572200d0a6365727461696e7320706f696e747320717569206e6520766f6e7420706173206e6f75732073657276697220706f7572206d6520636f6e63656e74726572207375722063657578200d0a71756920736f6e7420696d706f7274616e747320706f7572206365207475746f7269656c2e204a26727371756f3b657370266567726176653b72652071756520766f7573206e65206d26727371756f3b656e20766f756472657a200d0a7061732065742071756520766f7573206d26727371756f3b6163636f72646572657a207175656c717565732064266561637574653b726f676174696f6e732071756920706f7572726169656e74200d0a64266561637574653b706c61697265206175782070757269737465732e266c743b2f702667743b266c743b702069643d2671756f743b722d323832373439312671756f743b20646174612d636c616972652d656c656d656e742d69643d2671756f743b333737383739312671756f743b2667743b456e0d0a20666169742c206f6e2070657574206469726520717526727371756f3b756e65206d616e69666573746174696f6e20647520706f6c796d6f72706869736d6520657374206c61200d0a63617061636974266561637574653b20706f757220756e206f626a657420646520666169726520756e65206d2665636972633b6d6520616374696f6e20617665632064696666266561637574653b72656e7473207479706573200d0a6426727371756f3b696e74657276656e616e74732e204326727371756f3b65737420636520717526727371756f3b6f6e20617070656c6c65206c6520706f6c796d6f72706869736d6520266c6171756f3b20616420686f632026726171756f3b206f75206c650d0a20706f6c796d6f72706869736d6520266c6171756f3b20706172616d266561637574653b7472266561637574653b2026726171756f3b2e20506172206578656d706c652c206e6f747265206f626a657420766f69747572652070657574200d0a726f756c657220737572206c6120726f7574652c20726f756c657220737572206c26727371756f3b6175746f726f7574652c20726f756c657220737572206c6120746572726520736920656c6c650d0a2065737420266561637574653b71756970266561637574653b6520646520706e657573206164266561637574653b71756174732c20726f756c657220617520666f6e64206465206c26727371756f3b65617520736920656c6c6520657374200d0a616d7068696269652c20657463202668656c6c69703b266c743b62722667743b20436f6e6372266567726176653b74656d656e74206963692c206a65206661697320696e7465726167697220756e206f626a657420266c6171756f3b200d0a766f69747572652026726171756f3b206176656320756e206f626a657420266c6171756f3b206175746f726f7574652026726171756f3b206f7520756e206f626a657420266c6171756f3b2074657272652026726171756f3b2668656c6c69703b20706172200d0a6c26727371756f3b616374696f6e2071756920636f6e736973746520266167726176653b20266c6171756f3b20726f756c65722026726171756f3b2e2043656c61207065757420706172616974726520616e6f64696e2064266561637574653b63726974200d0a61696e73692c206d616973206e6f757320766572726f6e73206365207175652063656c6120696d706c697175652061766563206c652043232e266c743b2f702667743b266c743b68352069643d2671756f743b722d323832373439352671756f743b20646174612d636c616972652d656c656d656e742d69643d2671756f743b333737383739352671756f743b2667743b537562737469747574696f6e266c743b2f68352667743b266c743b702069643d2671756f743b722d323832373439332671756f743b20646174612d636c616972652d656c656d656e742d69643d2671756f743b333737383739332671756f743b2667743b4c6120266c743b7374726f6e672667743b737562737469747574696f6e266c743b2f7374726f6e672667743b0d0a2065737420756e65206175747265206d616e69666573746174696f6e20647520706f6c796d6f72706869736d652e20496c207326727371756f3b61676974206465206c612063617061636974266561637574653b200d0a6426727371756f3b756e206f626a65742066696c7320266167726176653b20726564266561637574653b66696e69722064657320636172616374266561637574653b726973746971756573206f752064657320616374696f6e73206426727371756f3b756e200d0a6f626a65742070266567726176653b72652e266c743b2f702667743b266c743b702069643d2671756f743b722d323832373439342671756f743b20646174612d636c616972652d656c656d656e742d69643d2671756f743b333737383739342671756f743b2667743b5072656e6f6e730d0a20706172206578656d706c6520756e206f626a6574206d616d6d6966266567726176653b7265207175692073616974206661697265206c26727371756f3b616374696f6e20266c6171756f3b2073652064266561637574653b706c616365722026726171756f3b2e0d0a204c6573206f626a657473207175692064266561637574653b726976656e74206475206d616d6d6966266567726176653b72652070657576656e7420706f74656e7469656c6c656d656e742061766f697220266167726176653b2073650d0a2064266561637574653b706c61636572206426727371756f3b756e65206d616e69266567726176653b72652064696666266561637574653b72656e74652e20506172206578656d706c652c206c26727371756f3b6f626a657420686f6d6d65207661207365200d0a64266561637574653b706c6163657220737572207365732064657578206a616d62657320657420646f6e632064696666266561637574653b72656d6d656e74206465206c26727371756f3b6f626a6574206461757068696e207175690d0a2073652064266561637574653b706c61636572612067722661636972633b636520266167726176653b20736573206e6167656f69726573206f75206269656e20656e636f72652064696666266561637574653b72656d6d656e74206465200d0a6c26727371756f3b6f626a657420266c6171756f3b20686f6d6d65206163636964656e74266561637574653b2026726171756f3b207175692076612061766f6972206265736f696e2064652062266561637574653b7175696c6c657320706f7572200d0a7326727371756f3b61696465722064616e7320736f6e2064266561637574653b706c6163656d656e742e266c743b62722667743b20546f757320636573206d616d6d6966266567726176653b72657320736f6e742063617061626c6573206465200d0a73652064266561637574653b706c616365722c206d6169732063686163756e207661206c65206661697265206426727371756f3b756e65206d616e69266567726176653b72652064696666266561637574653b72656e74652e204365636920657374200d0a646f6e6320706f737369626c652067722661636972633b636520266167726176653b206c6120737562737469747574696f6e20717569207065726d657420646520726564266561637574653b66696e697220756e200d0a636f6d706f7274656d656e742068266561637574653b726974266561637574653b2e2041696e73692c206368617175652066696c732073657261206c696272652064652072266561637574653b266561637574653b637269726520736f6e200d0a70726f70726520636f6d706f7274656d656e742c2073692063656c756920646520736f6e2070266567726176653b7265206e65206c756920636f6e7669656e74207061732e266c743b2f702667743b266c743b2f702667743b266c743b2f702667743b266c743b7020636c6173733d2671756f743b666f6c6461626c652671756f743b2069643d2671756f743b75692d69642d352671756f743b20646174612d7769646765743d2671756f743b666f6c6461626c652671756f743b2667743b266c743b68332069643d2671756f743b722d323832373530352671756f743b20646174612d636c616972652d656c656d656e742d69643d2671756f743b333737383830352671756f743b20636c6173733d2671756f743b666f6c6461626c655f5f627574746f6e207365636f6e645469746c65206a732d666f6c6461626c652d627574746f6e2671756f743b2667743b496e7465726661636573266c743b2f68332667743b266c743b7020636c6173733d2671756f743b666f6c6461626c655f5f636f6e74656e742671756f743b2667743b266c743b702069643d2671756f743b722d323832373439372671756f743b20646174612d636c616972652d656c656d656e742d69643d2671756f743b333737383739372671756f743b2667743b556e20617574726520636f6e6365707420696d706f7274616e74206465206c612070726f6772616d6d6174696f6e206f7269656e74266561637574653b65206f626a657420657374206c61206e6f74696f6e206426727371756f3b696e746572666163652e266c743b2f702667743b266c743b61736964652069643d2671756f743b722d323832373439392671756f743b20646174612d636c616972652d656c656d656e742d69643d2671756f743b333737383739392671756f743b20646174612d636c616972652d73656d616e7469633d2671756f743b696e666f726d6174696f6e2671756f743b2667743b266c743b702069643d2671756f743b722d323832373439382671756f743b20646174612d636c616972652d656c656d656e742d69643d2671756f743b333737383739382671756f743b2667743b4c26727371756f3b696e746572666163652065737420756e20636f6e7472617420717565207326727371756f3b656e6761676520266167726176653b2072657370656374657220756e206f626a65742e20496c20696e646971756520656e2067266561637574653b6e266561637574653b72616c20756e20636f6d706f7274656d656e742e266c743b2f702667743b266c743b2f61736964652667743b266c743b702069643d2671756f743b722d323832373530302671756f743b20646174612d636c616972652d656c656d656e742d69643d2671756f743b333737383830302671756f743b2667743b5072656e6f6e730d0a20756e206578656d706c652064616e73206e6f747265206d6f6e64652072266561637574653b656c20657420636f6e6e75203a206c65732070726973657320646520636f7572616e742e200d0a456c6c657320666f75726e697373656e74206465206c26727371756f3b266561637574653b6c6563747269636974266561637574653b20266167726176653b2032323056206176656320646575782074726f75732065742028736f7576656e7429200d0a756e652070726973652064652074657272652e2050657520696d706f72746520636520717526727371756f3b696c20792061206465727269266567726176653b72652c20647520636f7572616e74200d0a616c7465726e61746966206465206c612063656e7472616c6520647520636f696e2c20756e207472616e73666f726d61746575722c207175656c717526233033393b756e20717569200d0a70266561637574653b64616c652c2e2e2e206e6f757320736175726f6e7320266167726176653b20636f757020732675636972633b7220717565206e6f757320706f75766f6e73206272616e63686572206e6f73200d0a617070617265696c7320266561637574653b6c656374726971756573206361722063657320707269736573207326727371756f3b656e676167656e7420266167726176653b206e6f757320666f75726e6972206475200d0a636f7572616e7420616c7465726e617469662061766563206c65206272616e6368656d656e74206164266561637574653b717561742e20266c743b62722667743b20456c6c65732072657370656374656e74206c650d0a20636f6e74726174203b20656c6c657320736f6e7420266c6171756f3b206272616e636861626c65732026726171756f3b2e204365206465726e696572207465726d652065737420756e20706575200d0a626172626172652065742070657574206661697265206d616c20617578206f7265696c6c65732e204d61697320766f75732076657272657a20717565207375666669786572200d0a64657320696e74657266616365732070617220756e20266c6171756f3b2061626c652026726171756f3b20657374207472266567726176653b7320636f7572616e74202820266c743b696d6720616c743d2671756f743b3a292671756f743b20636c6173733d2671756f743b736d696c696573206a732d736d696c65792671756f743b207372633d2671756f743b68747470733a2f2f6f70656e636c617373726f6f6d732e636f6d2f62756e646c65732f636f6d6d6f6e2f696d616765732f736d696c65792f736d696c652e706e672671756f743b207374796c653d2671756f743b2671756f743b2667743b0d0a2029206574207065726d6574206426727371756f3b2665636972633b74726520706c7573207072266561637574653b63697320737572206c612073266561637574653b6d616e7469717565206465206c26727371756f3b696e746572666163652e20266c6171756f3b2041626c650d0a2026726171756f3b2065737420266561637574653b67616c656d656e7420756e20737566666978652071756920666f6e6374696f6e6e6520656e20616e676c616973206574206c657320696e7465726661636573200d0a6475206672616d65776f726b202e4e45542066696e697373656e7420706f7572206c6120706c75706172742070617220266c6171756f3b2061626c652026726171756f3b2e266c743b2f702667743b266c743b702069643d2671756f743b722d323832373530312671756f743b20646174612d636c616972652d656c656d656e742d69643d2671756f743b333737383830312671756f743b2667743b264167726176653b206e6f74657220717565206c657320696e7465726661636573206e6520666f75726e697373656e7420717526727371756f3b756e20636f6e747261742c20656c6c6573206e6520666f75726e697373656e7420706173206426727371756f3b696d706c266561637574653b6d656e746174696f6e206326233033393b6573742d266167726176653b2d646972652070617320646520636f64652043232e20266c743b62722667743b0d0a204c657320696e746572666163657320696e64697175656e7420717565206c6573206f626a657473207175692063686f6973697373656e74206465207265737065637465722063650d0a20636f6e74726174206175726f6e7420666f7263266561637574653b6d656e742074656c6c6520616374696f6e206f752074656c6c6520636172616374266561637574653b7269737469717565206d616973200d0a656c6c6573206e26727371756f3b696e64697175656e742070617320636f6d6d656e742066616972652c206326233033393b6573742d266167726176653b2d6469726520717526727371756f3b656c6c6573206e26727371756f3b6f6e7420706173206465200d0a636f6465204323206173736f6369266561637574653b2e20436861717565206f626a65742072657370656374616e7420636574746520696e7465726661636520286f6e207061726c65200d0a6426727371756f3b6f626a657420266c743b7374726f6e672667743b696d706c266561637574653b6d656e74616e74266c743b2f7374726f6e672667743b20756e6520696e7465726661636529207365726120726573706f6e7361626c6520646520636f646572206c6120666f6e6374696f6e6e616c6974266561637574653b206173736f6369266561637574653b6520617520636f6e747261742e266c743b2f702667743b266c743b702069643d2671756f743b722d323832373530322671756f743b20646174612d636c616972652d656c656d656e742d69643d2671756f743b333737383830322671756f743b2667743b506f75720d0a206d616e6970756c657220636573207072697365732c206e6f757320706f7572726f6e73207574696c6973657220636574746520696e7465726661636520656e20646973616e74203a0d0a20266c6171756f3b20616c6c657a20686f702c20746f7573206c6573206272616e636861626c65732c2076656e657a20706172206963692c206f6e2061206265736f696e20646520766f747265200d0a636f7572616e742026726171756f3b2e2050657520696d706f72746520717565206c26727371756f3b6f626a657420696d706c266561637574653b6d656e74616e7420636574746520696e7465726661636520736f697420756e650d0a207072697365206d7572616c652c20756e652070726973652072656c69266561637574653b6520266167726176653b20756e652064796e616d6f206f752061757472652c206e6f757320706f7572726f6e73200d0a6d616e6970756c657220636573206f626a65747320706172206c65757220696e7465726661636520657420646f6e63206272616e63686572206e6f7320707269736573200d0a7065726d657474616e74206426727371756f3b616c696d656e746572206e6f7320617070617265696c732e266c743b2f702667743b266c743b702069643d2671756f743b722d323832373530332671756f743b20646174612d636c616972652d656c656d656e742d69643d2671756f743b333737383830332671756f743b2667743b436f6e7472616972656d656e740d0a20266167726176653b206c26727371756f3b68266561637574653b7269746167652c20756e206f626a6574206573742063617061626c65206426727371756f3b696d706c266561637574653b6d656e74657220706c7573696575727320696e74657266616365732e200d0a506172206578656d706c652c20756e6520706f6d706520266167726176653b206368616c6575722070657574202665636972633b74726520266c6171756f3b20436861756666616e74652026726171756f3b20657420266c6171756f3b200d0a526566726f6964697373616e74652026726171756f3b2e204e6f74657a20717526727371756f3b656e206672616e2663636564696c3b6169732c206e6f757320706f7572726f6e7320266561637574653b67616c656d656e74207574696c697365720d0a206c65207375666669786520266c6171756f3b20616e74652026726171756f3b2e20456e20616e676c6169732c206e6f7573206175726f6e7320706c757320736f7576656e7420266c6171756f3b2061626c652026726171756f3b2e266c743b2f702667743b266c743b702069643d2671756f743b722d323832373530342671756f743b20646174612d636c616972652d656c656d656e742d69643d2671756f743b333737383830342671756f743b2667743b4e6f75730d0a20656e2061766f6e73207465726d696e266561637574653b2061766563206c61207468266561637574653b6f72696520737572206c657320696e74657266616365732e20496c2065737420666f7274200d0a70726f6261626c652071756520766f7573206e65207361697369737369657a2070617320656e636f726520746f7574206c26727371756f3b696e74266561637574653b722665636972633b742064657320696e74657266616365730d0a206f7520636520717526727371756f3b656c6c657320736f6e74206578616374656d656e742e204e6f757320616c6c6f6e73207920726576656e6972206176656320646573206578656d706c65730d0a20636f6e637265747320657420766f75732076657272657a20646573207574696c69736174696f6e732064657320696e74657266616365732064616e73206c65206361647265200d0a6475206672616d65776f726b202e4e45542071756920766f757320266561637574653b636c61697265726f6e74206426233033393b6176616e746167652e266c743b2f702667743b266c743b2f702667743b266c743b2f702667743b266c743b68332069643d2671756f743b722d323832373532322671756f743b20646174612d636c616972652d656c656d656e742d69643d2671756f743b333737383832322671756f743b20636c6173733d2671756f743b666f6c6461626c655f5f627574746f6e207365636f6e645469746c65206a732d666f6c6461626c652d627574746f6e2671756f743b2667743b264167726176653b2071756f692073657274206c612070726f6772616d6d6174696f6e206f7269656e74266561637574653b65206f626a6574203f266c743b2f68332667743b266c743b702069643d2671756f743b722d323832373530362671756f743b20646174612d636c616972652d656c656d656e742d69643d2671756f743b333737383830362671756f743b2667743b4e6f75730d0a2061766f6e732064266561637574653b6372697420706c7573696575727320636f6e6365707473206465206c612070726f6772616d6d6174696f6e206f7269656e74266561637574653b65206f626a6574206d6169730d0a206e6f7573206e26727371756f3b61766f6e732070617320656e636f72652064697420266167726176653b2071756f6920656c6c6520616c6c616974206e6f7573207365727669722e266c743b2f702667743b266c743b702069643d2671756f743b722d323832373530372671756f743b20646174612d636c616972652d656c656d656e742d69643d2671756f743b333737383830372671756f743b2667743b456e20666169742c206f6e2070657574206469726520717565206c6120504f4f2065737420756e652066612663636564696c3b6f6e2064652064266561637574653b76656c6f7070657220756e65206170706c69636174696f6e2071756920636f6e736973746520266167726176653b2072657072266561637574653b73656e74657220286f6e2064697420266561637574653b67616c656d656e7420266c6171756f3b20266c743b7374726f6e672667743b6d6f64266561637574653b6c69736572266c743b2f7374726f6e672667743b0d0a2026726171756f3b2920756e65206170706c69636174696f6e20696e666f726d61746971756520736f7573206c6120666f726d65206426727371756f3b6f626a6574732c206179616e7420646573200d0a70726f707269266561637574653b74266561637574653b7320657420706f7576616e7420696e7465726167697220656e747265206575782e204c61206d6f64266561637574653b6c69736174696f6e206f7269656e74266561637574653b65200d0a6f626a6574206573742070726f636865206465206c612072266561637574653b616c6974266561637574653b20636520717569206661697420717526727371756f3b696c20736572612072656c61746976656d656e74200d0a666163696c65206465206d6f64266561637574653b6c6973657220756e65206170706c69636174696f6e2064652063657474652066612663636564696c3b6f6e2e20446520706c75732c206c6573200d0a706572736f6e6e6573206e6f6e2d746563686e697175657320706f7572726f6e7420636f6d7072656e64726520657420266561637574653b76656e7475656c6c656d656e74200d0a7061727469636970657220266167726176653b206365747465206d6f64266561637574653b6c69736174696f6e2e266c743b2f702667743b266c743b702069643d2671756f743b722d323832373530382671756f743b20646174612d636c616972652d656c656d656e742d69643d2671756f743b333737383830382671756f743b2667743b43657474650d0a2066612663636564696c3b6f6e206465206d6f64266561637574653b6c69736572206c65732063686f736573207065726d657420266561637574653b67616c656d656e742064652064266561637574653b636f7570657220756e652067726f737365200d0a6170706c69636174696f6e2c2067266561637574653b6e266561637574653b72616c656d656e7420666c6f75652c20656e20756e65206d756c746974756465206426727371756f3b6f626a65747320696e7465726167697373616e740d0a20656e747265206575782e2043656c61207065726d65742064652064266561637574653b636f7570657220756e2067726f732070726f626c266567726176653b6d6520656e20706c757320706574697473206166696e0d0a206465206c652072266561637574653b736f7564726520706c757320666163696c656d656e742e266c743b2f702667743b266c743b702069643d2671756f743b722d323832373530392671756f743b20646174612d636c616972652d656c656d656e742d69643d2671756f743b333737383830392671756f743b2667743b5574696c697365720d0a20756e6520617070726f636865206f7269656e74266561637574653b65206f626a657420616d266561637574653b6c696f726520266561637574653b67616c656d656e74206c61206d61696e74656e6162696c6974266561637574653b2e20506c7573200d0a6c652074656d707320706173736520657420706c757320756e65206170706c69636174696f6e2065737420646966666963696c6520266167726176653b206d61696e74656e69722e20496c200d0a64657669656e7420646966666963696c6520646520636f727269676572206465732063686f7365732073616e7320746f757420636173736572206f75206426727371756f3b616a6f75746572200d0a64657320666f6e6374696f6e6e616c6974266561637574653b732073616e732070726f766f7175657220756e652072266561637574653b6772657373696f6e207061722061696c6c657572732e200d0a4c26727371756f3b6f7269656e74266561637574653b206f626a6574206e6f757320616964652069636920266167726176653b206c696d69746572206c6120636173736520656e2070726f706f73616e7420756e65200d0a617070726f636865206f267567726176653b206c6573206d6f64696669636174696f6e7320696e7465726e657320266167726176653b20756e206f626a6574206e26727371756f3b616666656374656e742070617320746f7574200d0a6c6520726573746520647520636f64652c2067722661636972633b6365206e6f74616d6d656e7420266167726176653b206c26727371756f3b656e63617073756c6174696f6e2e266c743b2f702667743b266c743b702069643d2671756f743b722d323832373531302671756f743b20646174612d636c616972652d656c656d656e742d69643d2671756f743b333737383831302671756f743b2667743b556e0d0a206175747265206176616e74616765206465206c6120504f4f20657374206c612072266561637574653b7574696c69736162696c6974266561637574653b2e20446573206f626a6574732070657576656e74200d0a2665636972633b7472652072266561637574653b7574696c6973266561637574653b73206f75206d2665636972633b6d6520266561637574653b74656e6475732067722661636972633b636520266167726176653b206c26727371756f3b68266561637574653b7269746167652e204326727371756f3b657374206c652063617320706172200d0a6578656d706c65206465206c61206269626c696f7468266567726176653b71756520646520636c6173736573206475206672616d65776f726b202e4e455420717565206e6f75732061766f6e73200d0a64266561637574653b6a266167726176653b207574696c6973266561637574653b652e204365747465206269626c696f7468266567726176653b717565206e6f757320666f75726e697420706172206578656d706c6520746f7573206c6573200d0a6f626a657473207065726d657474616e7420646520636f6e7374727569726520646573206170706c69636174696f6e7320677261706869717565732e20506173206265736f696e200d0a64652072266561637574653b696e76656e74657220746f757465206c61206d266561637574653b63616e6971756520706f75722067266561637574653b726572206465732066656e2665636972633b747265732064616e7320756e65200d0a6170706c69636174696f6e2c206c65206672616d65776f726b202e4e455420736169742064266561637574653b6a266167726176653b20666169726520746f7574202663636564696c3b612e204e6f75732061766f6e73206a757374650d0a206265736f696e206426727371756f3b7574696c6973657220756e206f626a657420266c6171756f3b2066656e2665636972633b7472652026726171756f3b2c2064616e73206c657175656c206e6f757320706f7572726f6e73200d0a6d657474726520756e206f626a657420266c6171756f3b20626f75746f6e2026726171756f3b20657420756e206f626a657420266c6171756f3b207a6f6e652064652074657874652026726171756f3b2e20436573206f626a657473200d0a68266561637574653b726974656e7420746f757320646573206d2665636972633b6d657320636f6d706f7274656d656e74732c20636f6d6d65206c652066616974206426727371756f3b2665636972633b74726520636c69717561626c65206f750d0a2073266561637574653b6c656374696f6e6e61626c652c206574632e204465206d2665636972633b6d652c2064657320636f6d706f73616e747320746f75742066616974732065742070722665636972633b747320266167726176653b200d0a6c26727371756f3b656d706c6f692070657576656e74202665636972633b7472652076656e647573207061722064657320656e7472657072697365732074696572636573202873797374266567726176653b6d65206465200d0a6c6f672c20636f6e7472266f636972633b6c6573207574696c697361746575727320616d266561637574653b6c696f72266561637574653b732c20657463202668656c6c69703b292e266c743b2f702667743b266c743b702069643d2671756f743b722d323832373531312671756f743b20646174612d636c616972652d656c656d656e742d69643d2671756f743b333737383831312671756f743b20636c6173733d2671756f743b686f7665726564436f75727365456c656d656e742671756f743b2667743b496c0d0a2066617574207361766f697220717565206c6120504f4f2c206326727371756f3b6573742062656175636f757020706c757320717565202663636564696c3b61206574206e6f757320656e20766572726f6e73200d0a6465732073756274696c6974266561637574653b7320706c7573206c6f696e2c206d61697320636f6d7072656e64726520636520717526727371756f3b65737420756e206f626a657420657374200d0a676c6f62616c656d656e7420737566666973616e7420706f757220756e65206772616e646520706172746965206475207475746f7269656c2e266c743b2f702667743b, 2);

-- --------------------------------------------------------

--
-- Structure de la table `utilisateur`
--

CREATE TABLE `utilisateur` (
  `id` int(11) NOT NULL,
  `admin` tinyint(1) NOT NULL,
  `nom` varchar(100) NOT NULL,
  `motDePasse` varchar(100) NOT NULL,
  `email` varchar(100) NOT NULL
) ENGINE=InnoDB DEFAULT CHARSET=utf8;

--
-- Contenu de la table `utilisateur`
--

INSERT INTO `utilisateur` (`id`, `admin`, `nom`, `motDePasse`, `email`) VALUES
(1, 1, 'flobeney', 'f13c2aba3f6a249f275ba280a4498b014088e89e9747f6dc82524af2975a2379', 'florent.bn@eduge.ch'),
(2, 0, 'denis18', 'd7cb27bddb44ed4da8eecddf6da84de6aa5720070498197991a9d54d7199b404', 'denis.grmd@eduge.ch'),
(3, 0, 'coco2012', 'd7cb27bddb44ed4da8eecddf6da84de6aa5720070498197991a9d54d7199b404', 'constantin.hrrmn@eduge.ch'),
(4, 0, 'edward', 'd7cb27bddb44ed4da8eecddf6da84de6aa5720070498197991a9d54d7199b404', 'edwardryan@gmail.com');

--
-- Index pour les tables exportées
--

--
-- Index pour la table `abonnement`
--
ALTER TABLE `abonnement`
  ADD PRIMARY KEY (`id`);

--
-- Index pour la table `categorie`
--
ALTER TABLE `categorie`
  ADD PRIMARY KEY (`id`);

--
-- Index pour la table `tutoriel`
--
ALTER TABLE `tutoriel`
  ADD PRIMARY KEY (`id`);

--
-- Index pour la table `utilisateur`
--
ALTER TABLE `utilisateur`
  ADD PRIMARY KEY (`id`);

--
-- AUTO_INCREMENT pour les tables exportées
--

--
-- AUTO_INCREMENT pour la table `abonnement`
--
ALTER TABLE `abonnement`
  MODIFY `id` int(11) NOT NULL AUTO_INCREMENT, AUTO_INCREMENT=11;
--
-- AUTO_INCREMENT pour la table `categorie`
--
ALTER TABLE `categorie`
  MODIFY `id` int(11) NOT NULL AUTO_INCREMENT, AUTO_INCREMENT=6;
--
-- AUTO_INCREMENT pour la table `tutoriel`
--
ALTER TABLE `tutoriel`
  MODIFY `id` int(11) NOT NULL AUTO_INCREMENT, AUTO_INCREMENT=7;
--
-- AUTO_INCREMENT pour la table `utilisateur`
--
ALTER TABLE `utilisateur`
  MODIFY `id` int(11) NOT NULL AUTO_INCREMENT, AUTO_INCREMENT=5;
/*!40101 SET CHARACTER_SET_CLIENT=@OLD_CHARACTER_SET_CLIENT */;
/*!40101 SET CHARACTER_SET_RESULTS=@OLD_CHARACTER_SET_RESULTS */;
/*!40101 SET COLLATION_CONNECTION=@OLD_COLLATION_CONNECTION */;
