-- phpMyAdmin SQL Dump
-- version 4.5.4.1deb2ubuntu2
-- http://www.phpmyadmin.net
--
-- Client :  localhost
-- Généré le :  Jeu 07 Juin 2018 à 14:36
-- Version du serveur :  10.0.33-MariaDB-0ubuntu0.16.04.1
-- Version de PHP :  7.0.22-0ubuntu0.16.04.1

SET SQL_MODE = "NO_AUTO_VALUE_ON_ZERO";
SET time_zone = "+00:00";


/*!40101 SET @OLD_CHARACTER_SET_CLIENT=@@CHARACTER_SET_CLIENT */;
/*!40101 SET @OLD_CHARACTER_SET_RESULTS=@@CHARACTER_SET_RESULTS */;
/*!40101 SET @OLD_COLLATION_CONNECTION=@@COLLATION_CONNECTION */;
/*!40101 SET NAMES utf8mb4 */;

--
-- Base de données :  `TPI`
--
CREATE DATABASE IF NOT EXISTS `TPI` DEFAULT CHARACTER SET utf8 COLLATE utf8_general_ci;
USE `TPI`;

-- --------------------------------------------------------

--
-- Structure de la table `abonnement`
--

CREATE TABLE `abonnement` (
  `id` int(11) NOT NULL,
  `idTutoriel` int(11) NOT NULL,
  `idUtilisateur` int(11) NOT NULL
) ENGINE=InnoDB DEFAULT CHARSET=utf8;

--
-- Contenu de la table `abonnement`
--

INSERT INTO `abonnement` (`id`, `idTutoriel`, `idUtilisateur`) VALUES
(1, 1, 1),
(5, 3, 2),
(6, 3, 1);

-- --------------------------------------------------------

--
-- Structure de la table `categorie`
--

CREATE TABLE `categorie` (
  `id` int(11) NOT NULL,
  `nom` varchar(100) NOT NULL,
  `description` varchar(500) NOT NULL,
  `lienImage` varchar(100) NOT NULL
) ENGINE=InnoDB DEFAULT CHARSET=utf8;

--
-- Contenu de la table `categorie`
--

INSERT INTO `categorie` (`id`, `nom`, `description`, `lienImage`) VALUES
(1, 'PHP', 'Cette catégorie va traiter du vaste sujet qu&#39;est le PHP, langage de programmation principalement utilisé pour des pages web dynamiques', 'img/categories/logo-php.png'),
(2, 'C#', 'Cette catégorie aborde le sujet de la programmation C#, langage orienté objet et fait par Microsoft', 'img/categories/logo-csharp.png'),
(3, 'MySQL', 'Cette catégorie parle du système de gestion de base de données (SGBD) MySQL, édité par Oracle', 'img/categories/logo-mysql.png');

-- --------------------------------------------------------

--
-- Structure de la table `tutoriel`
--

CREATE TABLE `tutoriel` (
  `id` int(11) NOT NULL,
  `titre` varchar(100) NOT NULL,
  `contenu` blob NOT NULL,
  `idCategorie` int(11) NOT NULL
) ENGINE=InnoDB DEFAULT CHARSET=utf8;

--
-- Contenu de la table `tutoriel`
--

INSERT INTO `tutoriel` (`id`, `titre`, `contenu`, `idCategorie`) VALUES
(1, 'Tuto C# 1', 0x266c743b6831207374796c653d2671756f743b746578742d616c69676e3a2063656e7465723b2671756f743b2667743b4249454e56454e55452044414e53204c45205052454d494552205455544f5249454c204323202121266c743b2f68312667743b266c743b702667743b4365636920657374206175737369206d6f6e20266c743b656d2667743b7072656d696572207475746f2c20266c743b2f656d2667743b6a26233033393b657370266567726176653b726520646f6e6320717526233033393b696c20766f757320266c743b7374726f6e672667743b706c616972612021266c743b2f7374726f6e672667743b266c743b2f702667743b266c743b702667743b266c743b696d67207372633d2671756f743b68747470733a2f2f63616d6f2e67697468756275736572636f6e74656e742e636f6d2f303631376634363537666566313265386431366462343562386437336465663733313434623039662f36383734373437303733336132663266363436353736363536633666373036353732326536363635363436663732363137303732366636613635363337343265366637323637326637333734363137343639363332663663366636373666326636333733363836313732373032653730366536372671756f743b207374796c653d2671756f743b7472616e736974696f6e3a206e6f6e6520307320656173652030733b2671756f743b20636c6173733d2671756f743b2671756f743b20616c743d2671756f743b4323206c6f676f2671756f743b2667743b266c743b2f702667743b266c743b702667743b566f696369206c65206c6f676f2064752043232021266c743b2f702667743b266c743b702667743b4326233033393b65737420746f757420706f75722061756a6f75726426233033393b6875692021266c743b62722667743b266c743b2f702667743b266c743b62722667743b, 2),
(2, 'Tuto C# 2', 0x266c743b702667743b4326233033393b657374206c65206c616e676167652064652070726f6772616d6d6174696f6e207068617265206465204d6963726f736f66742e205574696c6973266561637574653b2070617220756e200d0a6e6f6d62726520696d706f7274616e74266e6273703b6574206772616e64697373616e742064652070726f66657373696f6e6e656c732c20696c207065726d65742064652072266561637574653b616c697365720d0a20746f7574657320736f72746573206426233033393b6170706c69636174696f6e732e204365266e6273703b636f757273206120706f75722062757420646520766f75732061707072656e647265206c65730d0a20727564696d656e7473206465206365206d61676e696669717565206c616e6761676520657420657374206f757665727420266167726176653b20746f7573206c6573200d0a64266561637574653b627574616e74732c266e6273703b717526233033393b696c73206169656e7420656e74656e6475207061726c65722064752073756a6574206f75206e6f6e2021266c743b2f702667743b266c743b696d67207372633d2671756f743b68747470733a2f2f73647a2d75706c6f61642e73332e616d617a6f6e6177732e636f6d2f70726f642f75706c6f61642f333631312e706e672671756f743b207374796c653d2671756f743b2671756f743b20636c6173733d2671756f743b2671756f743b20616c743d2671756f743b2671756f743b2667743b, 2),
(3, 'PHP #1', 0x266c743b702069643d2671756f743b722d333830333634372671756f743b20646174612d636c616972652d656c656d656e742d69643d2671756f743b373839313330322671756f743b20636c6173733d2671756f743b2671756f743b2667743b426c6f67732c200d0a72266561637574653b736561757820736f63696175782c207369746520652d636f6d6d657263652c204150492668656c6c69703b20566f7573206c26233033393b617572657a20636f6d70726973206176656320504850206c65730d0a2064266561637574653b76656c6f70706575727320736f6e7420656e206d65737572652064652064266561637574653b76656c6f7070657220746f7574657320736f7274652064652073697465207765622c200d0a6426233033393b61696c6c65757273206e6f7573207061726c65726f6e73206426233033393b6170706c69636174696f6e207765622064616e73206c61206d6573757265206f267567726176653b20696c73200d0a6578706f73656e7420736f7576656e74206465732063656e7461696e657320646520666f6e6374696f6e6e616c6974266561637574653b732e266c743b2f702667743b266c743b702069643d2671756f743b722d333930393731322671756f743b20646174612d636c616972652d656c656d656e742d69643d2671756f743b383436313434322671756f743b20636c6173733d2671756f743b686f7665726564436f75727365456c656d656e742671756f743b2667743b4c650d0a206c616e67616765205048502061206a757374656d656e7420266561637574653b74266561637574653b20636f6e2663636564696c3b7520706f7572206372266561637574653b657220646573207369746573202671756f743b766976616e74732671756f743b20286f6e200d0a7061726c652064652073697465732064796e616d6971756573292e20457420736920766f757320766f756c657a2061707072656e64726520266167726176653b206372266561637574653b657220766f7573200d0a617573736920646573207369746573207765622064796e616d69717565732c206326233033393b65737420766f747265206a6f7572206465206368616e6365203a20766f7573202665636972633b746573200d0a73757220756e20636f75727320706f75722076726169732064266561637574653b627574616e747320656e205048502021266c743b62722667743b4c26233033393b657373656e7469656c2c206326233033393b657374206465206c6972650d0a20656e20656e74696572206c6573206368617069747265732064616e73206c26233033393b6f726472652e20417072266567726176653b732c202663636564696c3b6120706173736520746f7574207365756c20657420766f75730d0a20766f757320266561637574653b746f6e6e6572657a206269656e74266f636972633b742064652063652071756520766f7573202665636972633b7465732063617061626c65206465206661697265202120266c743b62722667743b266c743b2f702667743b, 1),
(5, 'Introduction au C#', 0x266c743b702069643d2671756f743b722d313533313738392671756f743b20646174612d636c616972652d656c656d656e742d69643d2671756f743b313535333236392671756f743b20636c6173733d2671756f743b2671756f743b2667743b44616e7320636520746f75740d0a207072656d6965722063686170697472652c206e6f757320616c6c6f6e732064266561637574653b636f757672697220636520717526233033393b657374206c652043232c20736f6e20686973746f697265200d0a657420736f6e20726170706f72742061766563206c65206672616d65776f726b202e4e45542e204426233033393b61696c6c657572732c20766f7573206e6520736176657a20706173206365200d0a717526233033393b65737420756e206672616d65776f726b203f204365206e26233033393b657374207061732067726176652c20746f757420636563692073657261206578706c697175266561637574653b202120266c743b62722667743b0d0a204e6f757320766572726f6e732064616e732063652063686170697472652063652071756520736f6e74206c6573206170706c69636174696f6e73200d0a696e666f726d6174697175657320657420636f6d6d656e7420646573206c616e67616765732064652070726f6772616d6d6174696f6e20266561637574653b766f6c75266561637574653b7320636f6d6d65206c65200d0a4323206e6f7573207065726d657474656e742064652072266561637574653b616c697365722064652074656c6c6573206170706c69636174696f6e732e266c743b2f702667743b266c743b702069643d2671756f743b722d313533313739302671756f743b20646174612d636c616972652d656c656d656e742d69643d2671756f743b313535333237302671756f743b20636c6173733d2671756f743b686f7665726564436f75727365456c656d656e742671756f743b2667743b4574206365206e26233033393b65737420717565206c652064266561637574653b6275742668656c6c69703b20616c6f7273206f757672657a206772616e647320766f7320796575782c20636861757373657a20766f73206c756e6574746573206574206578706c6f726f6e73206365206d6f6e6465206d65727665696c6c6575782021266c743b2f702667743b266c743b683120646174612d636c616972652d656c656d656e742d69643d2671756f743b313535333237302671756f743b20636c6173733d2671756f743b686f7665726564436f75727365456c656d656e742671756f743b2667743b4176616e742070726f706f73266c743b2f68312667743b266c743b62722667743b266c743b7020636c6173733d2671756f743b666f6c6461626c655f5f636f6e74656e742671756f743b2667743b266c743b68342069643d2671756f743b722d313533313739332671756f743b20646174612d636c616972652d656c656d656e742d69643d2671756f743b313535333237332671756f743b20636c6173733d2671756f743b2671756f743b2667743b4120717569207326727371756f3b61647265737365206365207475746f7269656c203f266c743b2f68342667743b266c743b702069643d2671756f743b722d313533313739312671756f743b20646174612d636c616972652d656c656d656e742d69643d2671756f743b313535333237312671756f743b20636c6173733d2671756f743b2671756f743b2667743b266c743b7374726f6e672667743b4175782064266561637574653b627574616e74732021266c743b2f7374726f6e672667743b0d0a20506173206265736f696e206426233033393b61766f697220666169742064752064266561637574653b76656c6f7070656d656e74206176616e7420706f757220737569767265206365207475746f7269656c20210d0a204a65207661697320646f6e63206661697265206465206d6f6e206d6965757820706f75722064266561637574653b7461696c6c6572206175206d6178696d756d206d6573200d0a6578706c69636174696f6e732c206326233033393b6573742070726f6d69732e20266c743b62722667743b204d6f6e20627574206573742072266561637574653b656c6c656d656e742064652072656e647265206365207475746f7269656c2061636365737369626c6520706f7572206c65732064266561637574653b627574616e74732e266c743b2f702667743b266c743b702069643d2671756f743b722d313533313739322671756f743b20646174612d636c616972652d656c656d656e742d69643d2671756f743b313535333237322671756f743b20636c6173733d2671756f743b2671756f743b2667743b4269656e0d0a20732675636972633b722c20696c207920656e206120706575742d2665636972633b747265207061726d6920766f757320717569206f6e742064266561637574653b6a266167726176653b206661697420647520432c20647520432b2b2c206475200d0a4a6176612e2e2e2045766964656d6d656e742c20736920766f7573206176657a2064266561637574653b6a266167726176653b20666169742064752064266561637574653b76656c6f7070656d656e74200d0a696e666f726d6174697175652c206365207365726120706c757320666163696c6520706f757220766f75732028737572746f757420706f7572206c61207072656d69266567726176653b7265200d0a70617274696520717569207072266561637574653b73656e7465206c6573206261736573206475206c616e67616765292e20417474656e74696f6e206e266561637574653b616e6d6f696e73206465206e65207061730d0a20766f756c6f697220616c6c65722074726f702076697465203a206c652043232072657373656d626c6520266167726176653b206426233033393b617574726573206c616e6761676573206d61697320696c20610d0a207175616e64206d2665636972633b6d6520736573207370266561637574653b63696669636974266561637574653b732021266c743b2f702667743b266c743b68342069643d2671756f743b722d313533313739362671756f743b20646174612d636c616972652d656c656d656e742d69643d2671756f743b313535333237362671756f743b20636c6173733d2671756f743b2671756f743b2667743b457370726974206475207475746f7269656c266c743b2f68342667743b266c743b702069643d2671756f743b722d313533313739342671756f743b20646174612d636c616972652d656c656d656e742d69643d2671756f743b313535333237342671756f743b20636c6173733d2671756f743b2671756f743b2667743b4e6f75730d0a20616c6c6f6e732064266561637574653b636f757672697220656e73656d626c65206465206e6f6d627265757365732063686f73657320656e2061707072656e616e7420266167726176653b200d0a64266561637574653b76656c6f7070657220656e2043232e20496c20792061757261206269656e20656e74656e64752064657320545020706f757220766f7573206661697265200d0a7072617469717565722c206166696e2071756520766f757320707569737369657a20766f75732072656e64726520636f6d7074652064652063652071756520766f7573202665636972633b7465730d0a2063617061626c657320646520666169726520617072266567726176653b732061766f6972206c7520706c757369657572732063686170697472657320706c7573207468266561637574653b6f7269717565732e266c743b2f702667743b266c743b702069643d2671756f743b722d313533313739352671756f743b20646174612d636c616972652d656c656d656e742d69643d2671756f743b313535333237352671756f743b20636c6173733d2671756f743b2671756f743b2667743b4e266561637574653b616e6d6f696e732c0d0a206a6520766575782071756520766f757320736f79657a206163746966732021204e6520766f757320636f6e74656e74657a20706173206465206c697265200d0a706173736976656d656e74206d6573206578706c69636174696f6e732c206d2665636972633b6d65206c6f7273717565206c65732063686170697472657320736f6e7420706c7574266f636972633b74200d0a7468266561637574653b6f72697175657320212054657374657a206c657320636f646573206574206c6573206d616e6970756c6174696f6e732061752066757220657420266167726176653b206d65737572652e200d0a4573736179657a206c65732070657469746573206964266561637574653b65732071756520766f7573206176657a20706f757220616d266561637574653b6c696f726572206f752061646170746572200d0a6c266561637574653b67266567726176653b72656d656e74206c6520636f64652e20536f7274657a20756e20706575206465732073656e746965727320626174747573206475207475746f7269656c203a2063656c610d0a20766f757320666572612070726174697175657220657420766f7573207065726d65747472612064652064266561637574653b636f7576726972207261706964656d656e7420736920766f7573200d0a6176657a20636f6d70726973206f75206e6f6e206c652063686170697472652e266c743b62722667743b20506173206426233033393b696e717569266561637574653b747564652c207369206a616d61697320766f7573200d0a626c6f7175657a207375722071756f692071756520636520736f697420717569206e26233033393b65737420706173206578706c697175266561637574653b2064616e7320636520636f7572732c206c61200d0a636f6d6d756e617574266561637574653b207175692073696c6c6f6e6e65206c657320666f72756d7320736175726120766f7573206170706f7274657220736f6e2061696465200d0a7072266561637574653b6369657573652e266c743b2f702667743b266c743b68342069643d2671756f743b722d313533313739392671756f743b20646174612d636c616972652d656c656d656e742d69643d2671756f743b313535333237392671756f743b2667743b447572266561637574653b65206426727371756f3b61707072656e74697373616765266c743b2f68342667743b266c743b702069643d2671756f743b722d313533313739372671756f743b20646174612d636c616972652d656c656d656e742d69643d2671756f743b313535333237372671756f743b2667743b496c0d0a206661757420636f6d7074657220706c757369657572732073656d61696e657320706f7572206c6972652c20636f6d7072656e64726520657420617373696d696c6572206365200d0a7475746f7269656c2e20556e6520666f697320617373696d696c266561637574653b657320746f75746573206c6573206e6f74696f6e73207072266561637574653b73656e74266561637574653b65732c20696c20766f7573200d0a66617564726120706c75736965757273206d6f697320706f75722061747465696e64726520756e206e697665617520736f6c69646520656e2043232e20417072266567726176653b7320746f75742c0d0a206326233033393b65737420656e20666f726765616e7420717526233033393b6f6e2064657669656e7420666f726765726f6e2e266c743b2f702667743b266c743b702069643d2671756f743b722d313533313739382671756f743b20646174612d636c616972652d656c656d656e742d69643d2671756f743b313535333237382671756f743b2667743b266c743b7374726f6e672667743b4426233033393b61696c6c657572730d0a206d65726369206465206d26233033393b696e666f726d65722064752074656d70732071756520766f757320612070726973206c61206c65637475726520646520636520636f757273200d0a706f757220717565206a652070756973736520696e6469717565722061757820617574726573206c6563746575727320756e6520647572266561637574653b65206d6f79656e6e65206465200d0a6c6563747572652e266c743b2f7374726f6e672667743b266c743b2f702667743b266c743b68342069643d2671756f743b722d313533313830322671756f743b20646174612d636c616972652d656c656d656e742d69643d2671756f743b313535333238322671756f743b2667743b4326233033393b65737420746f7574203f266c743b2f68342667743b266c743b702069643d2671756f743b722d313533313830302671756f743b20646174612d636c616972652d656c656d656e742d69643d2671756f743b313535333238302671756f743b2667743b4e6f6e0d0a20726173737572657a2d766f75732c206c65207475746f7269656c20657374206c6f696e206426233033393b2665636972633b7472652066696e692c20766f7573206e6520766f79657a20646f6e63207061730d0a20746f75746573206c657320706172746965732e20566f75732064266561637574653b636f7576726972657a2064616e73206365207475746f7269656c206c652064266561637574653b62757420646573200d0a727564696d656e74732064752064266561637574653b76656c6f7070656d656e7420656e2043232e20506574697420266167726176653b207065746974206a6520636f6d706c266561637574653b7465726169206c65200d0a7475746f7269656c20706f757220616a6f75746572206c612073756974652064657320727564696d656e7473206475206c616e676167652e20456e73756974652c206a65200d0a7072266561637574653b73656e7465726169206c612070726f6772616d6d6174696f6e206f7269656e74266561637574653b65206f626a657420657420636f6d6d656e7420656e2066616972652061766563206c65200d0a43232e20456e66696e2c20706f757220616c6c657220706c7573206c6f696e2c206e6f757320266561637574653b7475646965726f6e73206c26233033393b616363266567726176653b732061757820646f6e6e266561637574653b6573206574200d0a6426233033393b6175747265732073757270726973657320656e636f72652e266c743b2f702667743b266c743b702069643d2671756f743b722d313533313830312671756f743b20646174612d636c616972652d656c656d656e742d69643d2671756f743b313535333238312671756f743b2667743b4c650d0a2064266561637574653b62757420646520636520636f757273207365726120706c7574266f636972633b74207468266561637574653b6f72697175652e20506f7572207361766f697220636f6465722c20696c2066617574200d0a636f6d6d656e636572207061722061707072656e647265206c6573206261736573206475206c616e676167652c206326233033393b65737420756e2070617373616765206f626c6967266561637574653b2e20266c743b62722667743b0d0a20506574697420266167726176653b207065746974206a26233033393b696e74726f647569726169206c6120707261746971756520706f757220696c6c757374726572206365727461696e7320706f696e7473200d0a696d706f7274616e7473203b2063656c6120766f7573207065726d6574747261206465206d6965757820636f6d7072656e6472652064657320666f6e6374696f6e6e656d656e74730d0a20657420737572746f7574206465206269656e206d266561637574653b6d6f7269736572206c6520636f7572732e266c743b2f702667743b266c743b68342069643d2671756f743b722d313533313830362671756f743b20646174612d636c616972652d656c656d656e742d69643d2671756f743b313535333238362671756f743b2667743b416c6c657a20706c7573206c6f696e2021266c743b2f68342667743b266c743b702069643d2671756f743b722d313533313830332671756f743b20646174612d636c616972652d656c656d656e742d69643d2671756f743b313535333238332671756f743b2667743b4e26233033393b68266561637574653b736974657a0d0a2070617320266167726176653b207265676172646572206426233033393b617574726573207475746f7269656c7320706f7274616e7420737572206c652073756a65742e20496c2065737420746f756a6f7572730d0a20626f6e2064652064697665727369666965722073657320736f757263657320706f75722061766f69722064696666266561637574653b72656e74657320617070726f63686573206475200d0a73756a65742e266c743b2f702667743b266c743b702069643d2671756f743b722d313533313830342671756f743b20646174612d636c616972652d656c656d656e742d69643d2671756f743b313535333238342671756f743b2667743b4465206d616e69266567726176653b7265200d0a67266561637574653b6e266561637574653b72616c652c206a6520766f7573207265636f6d6d616e6465206465206e65207061732068266561637574653b736974657220266167726176653b20746573746572206c657320636f64657320717565206a650d0a207072266561637574653b73656e74657261692061752066757220657420266167726176653b206d65737572652e20537572746f75742c20736920766f7573206176657a20646573206964266561637574653b657320706f7572200d0a6c657320616d266561637574653b6c696f72657220756e207065752c206661697465732d6c652021204361206e65206d617263686572612070617320266167726176653b20746f7573206c657320636f7570732c200d0a6d6169732063656c6120766f757320666572612062656175636f757020706c75732070726f677265737365722071756520766f7573206e65206c652070656e73657a2021204e65200d0a636f6d7074657a20646f6e632070617320756e697175656d656e7420737572206c657320545020706f7572207072617469717565722c20636520736572616974200d0a646f6d6d6167652e266c743b2f702667743b266c743b702069643d2671756f743b722d313533313830352671756f743b20646174612d636c616972652d656c656d656e742d69643d2671756f743b313535333238352671756f743b20636c6173733d2671756f743b686f7665726564436f75727365456c656d656e742671756f743b2667743b53616368657a0d0a20617573736920717565206a652073756973206f757665727420266167726176653b20746f757465732072656d6172717565732c206372697469717565732c207175657374696f6e732c202e2e2e200d0a706f7274616e7420737572206365207475746f7269656c2e204e26233033393b68266561637574653b736974657a20646f6e632070617320266167726176653b20706f737465722064657320636f6d6d656e7461697265732c200d0a737572746f757420736920766f747265206d6573736167652070657574202665636972633b747265207574696c6520706f7572206426233033393b61757472657320706572736f6e6e65732e20506172200d0a636f6e7472652c20766575696c6c657a206e6520706173206d26233033393b656e766f796572206465204d502c207361756620656e2063617320646520666f726365206d616a657572652c200d0a706172636520717565206a65206e26233033393b617572616920706173206c652074656d707320646520766f75732072266561637574653b706f6e64726520696e646976696475656c6c656d656e742c206574200d0a717565207326233033393b696c207326233033393b61676974206426233033393b756e652064656d616e6465206426233033393b616964652c206c657320666f72756d7320736f6e74206c266167726176653b20706f7572202663636564696c3b61206574206f6e200d0a766f757320792072266561637574653b706f6e64726120706c7573207261706964656d656e7420717565206d6f692e266c743b2f702667743b266c743b683120646174612d636c616972652d656c656d656e742d69643d2671756f743b313535333238352671756f743b20636c6173733d2671756f743b686f7665726564436f75727365456c656d656e742671756f743b2667743b43232c206326233033393b6573742071756f69203f266c743b2f68312667743b266c743b62722667743b266c743b2f702667743b266c743b7020636c6173733d2671756f743b666f6c6461626c655f5f636f6e74656e742671756f743b2667743b266c743b702069643d2671756f743b722d313533313830372671756f743b20646174612d636c616972652d656c656d656e742d69643d2671756f743b313535333238382671756f743b20636c6173733d2671756f743b2671756f743b2667743b4c652043232065737420756e206c616e676167652064652070726f6772616d6d6174696f6e206372266561637574653b266561637574653b20706172204d6963726f736f667420656e20323030322e266c743b2f702667743b266c743b61736964652069643d2671756f743b722d313533313830392671756f743b20646174612d636c616972652d656c656d656e742d69643d2671756f743b313535333239302671756f743b20646174612d636c616972652d73656d616e7469633d2671756f743b696e666f726d6174696f6e2671756f743b20636c6173733d2671756f743b2671756f743b2667743b266c743b702069643d2671756f743b722d313533313830382671756f743b20646174612d636c616972652d656c656d656e742d69643d2671756f743b313535333238392671756f743b2667743b556e0d0a206c616e676167652064652070726f6772616d6d6174696f6e2065737420756e20656e73656d626c65206426727371756f3b696e737472756374696f6e732c206326233033393b6573742d266167726176653b2d64697265200d0a756e20656e73656d626c65206465206d6f747320717569207065726d657474656e7420646520636f6e7374727569726520646573206170706c69636174696f6e73200d0a696e666f726d617469717565732e266c743b2f702667743b266c743b2f61736964652667743b266c743b702069643d2671756f743b722d313533313831302671756f743b20646174612d636c616972652d656c656d656e742d69643d2671756f743b333637343138312671756f743b20636c6173733d2671756f743b2671756f743b2667743b4365730d0a206170706c69636174696f6e7320696e666f726d617469717565732070657576656e74202665636972633b7472652064652062656175636f757020646520736f727465732c20706172200d0a6578656d706c6520756e65206170706c69636174696f6e2057696e646f77732c20636f6d6d6520756e206c6f67696369656c206465207472616974656d656e74206465200d0a7465787465206f7520756e652063616c63756c617472696365206f7520656e636f726520756e206a6575206465206361727465732e204f6e206c657320617070656c6c65200d0a266561637574653b67616c656d656e742064657320636c69656e7473206c6f757264732e20496c2065737420266561637574653b67616c656d656e7420706f737369626c652064652064266561637574653b76656c6f70706572200d0a646573206170706c69636174696f6e73207765622c20636f6d6d6520756e2073697465206426727371756f3b652d636f6d6d657263652c20756e20696e7472616e65742c202668656c6c69703b204e6f7573200d0a706f7572726f6e7320616363266561637574653b64657220266167726176653b20636573206170706c69636174696f6e732067722661636972633b636520266167726176653b20756e206e61766967617465757220696e7465726e657420717565200d0a6c26727371756f3b6f6e20617070656c6c6520756e20636c69656e74206c266561637574653b6765722e20546f756a6f7572732067722661636972633b636520266167726176653b20756e206e61766967617465757220696e7465726e65742c200d0a6e6f757320706f7572726f6e732064266561637574653b76656c6f707065722064657320636c69656e7473207269636865732e20436520736f6e7420646573206170706c69636174696f6e73200d0a7175692073652072617070726f6368656e74206426727371756f3b756e65206170706c69636174696f6e2057696e646f7773206d6169732071756920666f6e6374696f6e6e656e742064616e73200d0a756e206e6176696761746575722e266c743b62722667743b204269656e206426727371756f3b617574726573207479706573206426233033393b6170706c69636174696f6e732070657576656e74202665636972633b747265200d0a266561637574653b6372697465732061766563206c652043232c206369746f6e7320656e636f7265206c652064266561637574653b76656c6f7070656d656e74206426727371756f3b6170706c69636174696f6e73200d0a6d6f62696c657320736f75732057696e646f77732070686f6e652c206426233033393b6170706c69636174696f6e7320706f7572207461626c65747465732c206465206a657578206f75200d0a656e636f7265206c652064266561637574653b76656c6f7070656d656e7420646520776562207365727669636573202668656c6c69703b266c743b2f702667743b266c743b702069643d2671756f743b722d313533313831312671756f743b20646174612d636c616972652d656c656d656e742d69643d2671756f743b313535333239322671756f743b20636c6173733d2671756f743b2671756f743b2667743b4e6f75730d0a20766572726f6e7320756e2070657520706c757320656e2064266561637574653b7461696c20656e2066696e206465207475746f7269656c20636f6d6d656e742072266561637574653b616c69736572206465200d0a74656c6c6573206170706c69636174696f6e732e2043686163756e2064652063657320646f6d61696e6573206e266561637574653b6365737369746520756e207475746f7269656c20656e746965720d0a20706f7572202665636972633b74726520636f6d706c266567726176653b74656d656e74207472616974266561637574653b2c206175737369206e6f7573206e6f757320696e69746965726f6e7320266167726176653b20636573200d0a646f6d61696e65732073616e7320616c6c65722074726f70206c6f696e206e6f6e20706c75732e266c743b2f702667743b266c743b702069643d2671756f743b722d313533313831322671756f743b20646174612d636c616972652d656c656d656e742d69643d2671756f743b313535333239332671756f743b20636c6173733d2671756f743b686f7665726564436f75727365456c656d656e742671756f743b2667743b4c650d0a2043232065737420756e206c616e6761676520646f6e74206c612073796e746178652072657373656d626c6520756e2070657520617520432b2b206f75206175204a617661200d0a71756920736f6e74206426727371756f3b617574726573206c616e67616765732064652070726f6772616d6d6174696f6e207472266567726176653b7320706f70756c61697265732e204c6520432320657374200d0a6c65206c616e67616765207068617265206465204d6963726f736f66742e20496c206661697420706172746965206426727371756f3b756e20656e73656d626c6520706c7573200d0a696d706f7274616e742e20496c2065737420656e206661697420756e652062726971756520646520636520717526727371756f3b6f6e20617070656c6c65206c6520266c6171756f3b20266c743b7374726f6e672667743b4672616d65776f726b202e4e4554266c743b2f7374726f6e672667743b2026726171756f3b2e20266c743b62722667743b0d0a20476172646f6e7320656e636f726520756e207065752064652073757370656e732073757220636520717526233033393b657374206c65206672616d65776f726b202e4e45542c206e6f7573200d0a64266561637574653b636f75767269726f6e7320636520717565206326233033393b65737420756e2070657520706c7573206c6f696e2064616e73206c65207475746f7269656c2e266c743b2f702667743b266c743b2f702667743b, 2);

-- --------------------------------------------------------

--
-- Structure de la table `utilisateur`
--

CREATE TABLE `utilisateur` (
  `id` int(11) NOT NULL,
  `admin` tinyint(1) NOT NULL,
  `nom` varchar(100) NOT NULL,
  `motDePasse` varchar(100) NOT NULL,
  `email` varchar(100) NOT NULL
) ENGINE=InnoDB DEFAULT CHARSET=utf8;

--
-- Contenu de la table `utilisateur`
--

INSERT INTO `utilisateur` (`id`, `admin`, `nom`, `motDePasse`, `email`) VALUES
(1, 1, 'flobeney', 'f13c2aba3f6a249f275ba280a4498b014088e89e9747f6dc82524af2975a2379', 'florent.bn@eduge.ch'),
(2, 0, 'denis18', 'd7cb27bddb44ed4da8eecddf6da84de6aa5720070498197991a9d54d7199b404', 'denis.grmd@eduge.ch'),
(3, 0, 'coco2012', 'd7cb27bddb44ed4da8eecddf6da84de6aa5720070498197991a9d54d7199b404', 'constantin.hrrmn@eduge.ch'),
(4, 0, 'edward', 'd7cb27bddb44ed4da8eecddf6da84de6aa5720070498197991a9d54d7199b404', 'edwardryan@gmail.com');

--
-- Index pour les tables exportées
--

--
-- Index pour la table `abonnement`
--
ALTER TABLE `abonnement`
  ADD PRIMARY KEY (`id`);

--
-- Index pour la table `categorie`
--
ALTER TABLE `categorie`
  ADD PRIMARY KEY (`id`);

--
-- Index pour la table `tutoriel`
--
ALTER TABLE `tutoriel`
  ADD PRIMARY KEY (`id`);

--
-- Index pour la table `utilisateur`
--
ALTER TABLE `utilisateur`
  ADD PRIMARY KEY (`id`);

--
-- AUTO_INCREMENT pour les tables exportées
--

--
-- AUTO_INCREMENT pour la table `abonnement`
--
ALTER TABLE `abonnement`
  MODIFY `id` int(11) NOT NULL AUTO_INCREMENT, AUTO_INCREMENT=7;
--
-- AUTO_INCREMENT pour la table `categorie`
--
ALTER TABLE `categorie`
  MODIFY `id` int(11) NOT NULL AUTO_INCREMENT, AUTO_INCREMENT=6;
--
-- AUTO_INCREMENT pour la table `tutoriel`
--
ALTER TABLE `tutoriel`
  MODIFY `id` int(11) NOT NULL AUTO_INCREMENT, AUTO_INCREMENT=6;
--
-- AUTO_INCREMENT pour la table `utilisateur`
--
ALTER TABLE `utilisateur`
  MODIFY `id` int(11) NOT NULL AUTO_INCREMENT, AUTO_INCREMENT=5;
/*!40101 SET CHARACTER_SET_CLIENT=@OLD_CHARACTER_SET_CLIENT */;
/*!40101 SET CHARACTER_SET_RESULTS=@OLD_CHARACTER_SET_RESULTS */;
/*!40101 SET COLLATION_CONNECTION=@OLD_COLLATION_CONNECTION */;
